userid,friends,followers,statuses,favourites,gender,verified,city,urank,category
1013449064,513,183004,3962,1,-1,1,0,35,Director
1013851774,997,7255,5014,1,-1,1,0,28,Director
1018021102,472,704841,2448,1,1,1,0,39,Director
1031595904,1008,12625,1160,1,1,1,0,18,Director
1032697364,1223,24927,4360,1,1,1,0,34,Director
1033212031,1299,70267,17522,1,1,1,0,31,Director
1036042871,1620,2534,881,1,1,1,0,20,Director
1049515980,1243,148700,6162,1,1,1,0,36,Director
1052767975,833,405116,5376,1,1,1,0,31,Director
1057227381,563,11966,368,1,1,1,0,17,Director
1065370197,272,284578,184,1,1,1,0,21,Director
1067166161,551,36216,2148,1,1,1,0,31,Director
1068235035,468,31018,3801,1,-1,1,0,35,Director
1069543972,864,764292,3483,1,1,1,0,41,Director
1080807495,677,1771730,8544,1,1,1,0,48,Director
1082090702,703,10863,1322,1,1,1,0,22,Director
1095559413,422,25422,3301,1,1,1,0,32,Director
1098502293,803,5390,5377,1,1,1,0,22,Director
1099315173,2087,18659,14626,1,1,1,0,33,Director
1113022922,117,130857,2421,1,1,1,0,34,Director
1118704012,1810,96535,38255,1,1,1,0,48,Director
1119314742,381,6785,157,1,1,1,0,25,Director
1120630263,654,188755,12139,1,1,1,0,48,Director
1145266801,591,75388,7303,1,1,1,0,45,Director
1153433155,160,169267,698,1,1,1,0,26,Director
1154276995,799,5754,3328,1,1,1,0,34,Director
1156928073,2472,38277,7904,1,1,1,0,40,Director
1164174510,978,204933,10144,1,1,1,0,26,Director
1171011303,995,52258,1523,1,1,1,0,32,Director
1171505222,770,10963,170,1,1,1,0,17,Director
1172967345,823,11993,7675,1,1,1,0,21,Director
1188552450,237,40726982,1378,1,1,1,0,45,Director
1190486384,1097,8747,5889,1,1,1,0,29,Director
1192148495,175,1854748,1415,1,1,1,0,38,Director
1196248902,359,74767,316,1,1,1,0,23,Director
1196627582,842,131073,21890,1,-1,1,0,39,Director
1197873447,939,6014,171,1,1,1,0,18,Director
1199425900,2028,3808,696,1,1,1,0,12,Director
1199844552,983,3346,1071,1,1,1,0,17,Director
1200161971,626,5130,5723,1,1,1,0,32,Director
1201573204,539,416398,5235,1,1,1,0,42,Director
1202354820,354,28379,957,1,1,1,0,32,Director
1212040547,2298,567777,13367,1,1,1,0,35,Director
1212416110,1779,89781,7526,1,1,1,0,23,Director
1213332710,2011,9542,5865,1,1,1,0,27,Director
1213600242,895,100784,2210,1,1,1,0,41,Director
1214098484,88,131313,1477,1,1,1,0,39,Director
1215131765,547,97540,1276,1,-1,1,0,32,Director
1216753291,670,5990,2769,1,1,1,0,30,Director
1217651853,618,3542,3638,1,1,1,0,17,Director
1218217554,848,7100,2431,1,1,1,0,29,Director
1218309230,376,2606,736,1,1,1,0,18,Director
1219459467,372,1408273,920,1,1,1,0,31,Director
1221400493,1913,69968,33276,1,1,1,0,39,Director
1224529374,1588,502900,2262,1,-1,1,0,23,Director
1227864093,309,103629,393,1,1,1,0,21,Director
1229506857,1017,2266,1455,1,1,1,0,30,Director
1229878863,44,107870,118,1,1,1,0,28,Director
1231054942,610,120517,2110,1,1,1,0,33,Director
1232793635,285,169417,10406,1,1,1,0,38,Director
1232839044,966,8213,648,1,1,1,0,25,Director
1233187361,351,211471,17622,1,1,1,0,42,Director
1233541110,565,38917,2928,1,-1,1,0,35,Director
1233617290,230,159529,996,1,1,1,0,41,Director
1234383407,465,30342,4163,1,1,1,0,39,Director
1234853791,1899,77974,4802,1,1,0,0,32,Director
1237348155,1391,59445,3159,1,1,1,0,20,Director
1237474882,737,14273,9935,1,-1,1,0,30,Director
1237670845,863,122281,3369,1,1,1,0,37,Director
1237901237,427,134321,1145,1,1,1,0,31,Director
1238133072,980,207400,2966,1,1,1,0,43,Director
1239100020,2037,6488,3779,1,1,1,0,31,Director
1239149772,474,20731,12644,1,-1,1,0,33,Director
1239832541,1996,8425,8654,1,1,1,0,31,Director
1240613205,397,58771,492,1,-1,1,0,41,Director
1240650362,1714,135943,20232,1,1,1,0,35,Director
1242602461,918,58031,1866,1,1,1,0,32,Director
1243279715,184,67256,482,1,1,1,0,29,Director
1243419464,603,27585,782,1,1,1,0,39,Director
1244383614,16,3212,206,1,1,1,0,17,Director
1246498970,464,421335,2519,1,1,1,0,30,Director
1247317642,211,493249,700,1,1,1,0,36,Director
1248608975,126,83488,5071,1,1,1,0,28,Director
1249283272,193,5274,220,1,-1,1,0,17,Director
1252522753,434,1046265,4051,1,-1,1,0,36,Director
1252996554,709,2861,1447,1,-1,1,0,28,Director
1253145131,1943,127823,14294,1,1,1,0,38,Director
1253516590,624,6840,5772,1,1,1,0,24,Director
1253612917,1253,30289,4995,1,1,1,0,33,Director
1254471037,483,28301,34,1,1,1,0,15,Director
1256974214,1549,4951,327,1,1,1,0,24,Director
1257866011,761,13877807,2834,1,1,1,0,29,Director
1258429772,1962,2808,7030,1,1,1,0,23,Director
1259193624,809,52826475,7372,1,1,1,0,46,Director
1259897677,578,111876,4858,1,1,1,0,30,Director
1262517872,1419,63636,1657,1,1,1,0,28,Director
1264791830,448,20695,7345,1,1,1,0,34,Director
1265797635,447,23644,4251,1,-1,1,0,27,Director
1266255237,553,109644,1174,1,-1,1,0,38,Director
1266348067,3025,22755,9966,1,1,1,0,38,Director
1267283115,425,202275,192,1,1,1,0,33,Director
1267764427,466,20028,1775,1,1,1,0,29,Director
1271620824,680,38596,2926,1,-1,1,0,29,Director
1271969590,432,22483,975,1,1,1,0,28,Director
1273437355,1697,149663,4242,1,1,1,0,29,Director
1273488145,389,59431,4580,1,1,1,0,31,Director
1274455291,185,11288,662,1,1,1,0,14,Director
1275180931,1118,13229,3060,1,1,0,0,32,Director
1278109310,209,226888,2648,1,-1,1,0,46,Director
1278291880,299,6440,2416,1,1,1,0,15,Director
1278751985,721,7382,12202,1,1,1,0,41,Director
1278838164,1813,132054,1829,1,1,1,0,35,Director
1280572287,2107,30377,5629,1,1,1,0,39,Director
1280697665,1536,41225,4756,1,-1,1,0,45,Director
1282514900,120,36014,267,1,1,1,0,29,Director
1282864934,139,306797,361,1,1,1,0,34,Director
1282881602,32,14277,140,1,1,1,0,43,Director
1285427647,92,3298,2341,1,1,1,0,34,Director
1285914214,235,7145,25497,1,1,1,0,40,Director
1286972031,1321,113597,6365,1,1,1,0,19,Director
1287478524,729,21000,1481,1,-1,1,0,25,Director
1288634263,1799,21579,1926,1,1,1,0,33,Director
1288803057,261,4735807,3215,1,1,1,0,40,Director
1289116783,1046,8318,3075,1,1,1,0,21,Director
1292509123,541,18406,2227,1,1,1,0,36,Director
1293860184,658,205321,457,1,-1,1,0,35,Director
1297811122,1555,18435,2973,1,1,1,0,24,Director
1298864802,888,173684,5223,1,1,1,0,29,Director
1299005422,1718,28393,789,1,1,1,0,36,Director
1299116360,517,173384,3084,1,1,1,0,37,Director
1299348863,950,90607,6095,1,1,1,0,33,Director
1300601914,1365,11856,526,1,1,1,0,34,Director
1300758232,163,38386,3557,1,1,1,0,24,Director
1302358487,130,1054012,781,1,1,1,0,31,Director
1302465800,462,256081,1512,1,1,1,0,44,Director
1303023390,337,78557,4008,1,1,1,0,32,Director
1303931921,1390,57226,507,1,1,1,0,31,Director
1304401335,956,23580,1022,1,1,1,0,33,Director
1305082711,945,139093,4442,1,1,1,0,37,Director
1305674273,311,19720,51,1,1,1,0,27,Director
1306236123,621,50814,2381,1,1,1,0,32,Director
1308352150,280,274660,2419,1,1,1,0,46,Director
1308587083,889,174202,59483,1,-1,1,0,48,Director
1309359643,531,66470,1350,1,1,1,0,37,Director
1310454527,368,176916,638,1,1,1,0,27,Director
1311641560,673,127001,6365,1,1,1,0,39,Director
1312571440,1254,294880,3596,1,1,1,0,33,Director
1313450141,232,26155,2591,1,1,1,0,24,Director
1315699771,341,636837,1266,1,1,1,0,30,Director
1315968461,402,60438,520,1,-1,1,0,16,Director
1316015827,500,251767,17428,1,1,1,0,39,Director
1322373644,125,2979966,559,1,1,1,0,25,Director
1325321405,131,95737,148,1,1,1,0,13,Director
1326577521,266,12155,388,1,1,1,0,30,Director
1335685422,857,64357,1941,1,1,1,0,22,Director
1336625973,239,90255,3836,1,-1,1,0,30,Director
1342881017,1645,315030,2705,1,-1,1,0,31,Director
1346896144,1246,44271,1802,1,1,1,0,30,Director
1348229874,2004,36218,12584,1,-1,1,0,39,Director
1361376663,790,431151,956,1,1,1,0,32,Director
1363262785,70,18035,2165,1,1,1,0,24,Director
1364002550,305,121006,309,1,1,1,0,26,Director
1364205252,3521,1009624,22754,1,-1,1,0,43,Director
1371136163,293,84838,3066,1,1,1,0,42,Director
1392598197,756,15514,1136,1,1,1,0,28,Director
1392975764,462,4071,1787,1,1,1,0,12,Director
1393271595,710,25061,2041,1,1,1,0,27,Director
1394159121,93,274074,65,1,1,1,0,38,Director
1400210585,357,4688,3370,1,1,1,0,26,Director
1401385474,2014,25186,9897,1,1,1,0,26,Director
1401437313,269,147687,637,1,1,1,0,33,Director
1402602034,2074,3646143,3091,1,1,1,0,39,Director
1403576014,293,75446,2353,1,1,1,0,30,Director
1403620503,418,99706,2120,1,1,1,0,34,Director
1403742220,702,1073105,3896,1,1,1,0,48,Director
1403793932,122,289923,209,1,1,1,0,17,Director
1403843831,570,12866,8422,1,1,1,0,31,Director
1406228395,982,6443,299,1,1,1,0,23,Director
1407172042,667,8630,1242,1,1,1,0,24,Director
1408482140,1610,119127,724,1,1,1,0,24,Director
1411228873,1915,294087,4340,1,1,1,0,30,Director
1411482802,2534,2291296,11004,1,1,1,0,48,Director
1413206133,1997,124706,8349,1,1,1,0,48,Director
1416793974,3509,142462,18889,1,1,1,0,47,Director
1419401582,1622,101839,3322,1,1,1,0,33,Director
1426804841,107,40270,3532,1,1,1,0,34,Director
1427531180,700,2108,1470,1,-1,1,0,18,Director
1427722075,420,37384,907,1,1,1,0,39,Director
1428243147,169,175191,484,1,1,1,0,20,Director
1434823741,779,92433,723,1,1,1,0,35,Director
1436104771,2720,100838,8005,1,1,1,0,28,Director
1437806155,616,122453,586,1,-1,1,0,35,Director
1438463025,2734,93575,6050,1,1,1,0,36,Director
1438711427,402,6391,312,1,1,1,0,14,Director
1439548877,256,60757,6783,1,-1,1,0,39,Director
1443010644,267,32495,1858,1,1,1,0,28,Director
1444673423,421,4941,789,1,1,0,0,32,Director
1448010305,488,6658,11459,1,1,1,0,24,Director
1456391805,638,2056,785,1,1,1,0,19,Director
1456901943,276,17605,142,1,1,1,0,37,Director
1456903454,1098,10248,560,1,1,1,0,21,Director
1459178177,341,27188,6126,1,1,1,0,20,Director
1460388433,1015,140320,1569,1,1,1,0,35,Director
1465194974,1726,6081,2398,1,1,1,0,25,Director
1466130855,664,242802,8552,1,1,1,0,48,Director
1477718210,1660,7899,4002,1,1,1,0,23,Director
1483889825,395,17298,1218,1,-1,1,0,31,Director
1485095851,398,1996171,10356,1,1,1,0,45,Director
1486399452,926,16906,1145,1,1,1,0,33,Director
1488607011,489,114528,3315,1,1,1,0,33,Director
1490372962,980,7122036,17387,1,1,1,0,46,Director
1494744741,1581,148754,3292,1,1,1,0,34,Director
1496813933,898,70537,10439,1,1,1,0,24,Director
1496832197,1991,119217,5300,1,1,1,0,25,Director
1496859637,8,39755,7,1,1,1,0,20,Director
1496867634,812,2524241,3451,1,-1,1,0,48,Director
1496889554,433,36906,2070,1,-1,1,0,22,Director
1497005993,368,8299587,808,1,1,1,0,34,Director
1497033123,1338,105557,8112,1,1,1,0,43,Director
1497176560,925,1502967,20756,1,-1,1,0,48,Director
1497254357,1597,87214,2790,1,1,1,0,38,Director
1497294450,323,919375,217,1,1,1,0,30,Director
1497390470,1903,2347361,35156,1,1,1,0,48,Director
1497504301,795,141810,9702,1,-1,1,0,48,Director
1497983190,249,1790597,3041,1,-1,1,0,32,Director
1498245532,108,99466,285,1,-1,1,0,18,Director
1498417331,221,118242,3169,1,-1,1,0,24,Director
1498441097,121,1263864,399,1,1,1,0,15,Director
1498615964,28,400219,34,1,1,1,0,14,Director
1499033411,642,19459,721,1,1,1,0,26,Director
1503569342,915,4300,1372,1,-1,1,0,30,Director
1511448471,722,6718,2180,1,1,1,0,32,Director
1518820827,27,30061,28,1,1,1,0,29,Director
1522808381,517,36589,1869,1,1,1,0,17,Director
1529780085,783,15442,4823,1,1,1,0,27,Director
1531382803,1284,2888,1243,1,1,1,0,26,Director
1536597354,2198,200256,191,1,1,1,0,28,Director
1547293101,340,27860,0,1,1,1,0,29,Director
1548894687,480,35387,1258,1,1,1,0,25,Director
1549077107,471,380344,4723,1,1,1,0,36,Director
1550931270,1884,56775,3088,1,1,1,0,32,Director
1557909420,1371,33814,4457,1,1,1,0,26,Director
1558724810,2170,6172,785,1,1,1,0,28,Director
1559249054,701,100879,2319,1,-1,1,0,32,Director
1564556805,1322,290132,5179,1,1,1,0,36,Director
1564876465,1985,163638,2149,1,1,1,0,41,Director
1565026960,373,417922,973,1,1,1,0,46,Director
1567064783,3004,23124,1791,1,1,1,0,26,Director
1567615510,2284,20822,4895,1,1,1,0,32,Director
1569542754,282,43661,11401,1,-1,1,0,39,Director
1570113091,804,19970,4361,1,1,1,0,33,Director
1571290677,307,102667,1400,1,1,1,0,17,Director
1571837072,616,59190,65,1,1,1,0,26,Director
1572154701,294,30692,529,1,-1,1,0,19,Director
1575416143,302,111853,2448,1,1,1,0,42,Director
1577969843,156,463357,56,1,1,1,0,26,Director
1579944885,1309,17700,7744,1,1,1,0,26,Director
1587797632,1987,6327,1530,1,1,1,0,17,Director
1594759034,578,190557,505,1,1,1,0,41,Director
1595233933,293,273278,447,1,1,1,0,35,Director
1595707231,1287,24363,11,1,1,1,0,38,Director
1598864120,2019,10462,7666,1,1,1,0,30,Director
1603173445,733,47663,3591,1,1,1,0,35,Director
1607290682,1970,3243,767,1,1,1,0,22,Director
1609209490,492,4581,1436,1,1,1,0,25,Director
1609682043,815,19992,814,1,1,1,0,23,Director
1612285724,1279,10723,2886,1,-1,1,0,27,Director
1614346557,276,277395,5424,1,1,1,0,22,Director
1614694624,1229,5278,2299,1,1,1,0,28,Director
1619090657,1252,54944,6463,1,1,1,0,38,Director
1619696992,762,3068,2356,1,-1,1,0,21,Director
1620714360,432,22983,1918,1,-1,1,0,44,Director
1624704055,396,286511,1452,1,1,1,0,32,Director
1629868744,871,8057,2242,1,1,1,0,25,Director
1631907237,509,224093,140,1,1,1,0,27,Director
1632850547,504,126986,1357,1,1,1,0,31,Director
1639572695,935,244060,2078,1,1,1,0,41,Director
1640675154,358,55306,1409,1,1,1,0,20,Director
1641388750,2035,29388,6225,1,-1,1,0,38,Director
1642263582,5461,98898,34005,1,1,1,0,48,Director
1642341785,1089,19918,6136,1,-1,1,0,31,Director
1642528787,451,5954,5566,1,1,1,0,16,Director
1643852334,117,77184,1068,1,1,1,0,29,Director
1644215281,816,4319,1756,1,1,1,0,24,Director
1644331302,527,7509,12280,1,1,1,0,27,Director
1644380357,257,104515,203,1,1,1,0,37,Director
1644604195,1185,3031,1580,1,1,1,0,30,Director
1644745211,387,25135,2573,1,-1,1,0,32,Director
1645269930,835,3110,2226,1,1,1,0,32,Director
1646096153,1999,26160,411,1,1,1,0,23,Director
1646289427,207,1128634,280,1,1,1,0,19,Director
1647146633,302,45404,1244,1,1,1,0,25,Director
1649206885,617,13693,10047,1,1,1,0,27,Director
1649843061,496,31338,7695,1,-1,1,0,32,Director
1650516925,553,20652,229,1,1,1,0,27,Director
1651580334,354,54419,7743,1,1,1,0,28,Director
1655493061,487,403689,29908,1,1,1,0,37,Director
1655673254,1119,36145,1878,1,1,1,0,17,Director
1656481245,310,50456,346,1,1,1,0,30,Director
1656750410,1260,8492,2582,1,1,1,0,27,Director
1657318591,1073,2666,1539,1,1,1,0,22,Director
1658576235,620,73345,1314,1,1,1,0,35,Director
1659392072,582,59107,1851,1,1,1,0,30,Director
1659613253,763,363169,6606,1,-1,1,0,23,Director
1659631214,1984,251080,3903,1,1,1,0,21,Director
1659998980,23,7408,0,1,1,1,0,25,Director
1660024405,2302,71943,15235,1,1,1,0,42,Director
1660587693,596,3068426,1810,1,1,1,0,37,Director
1661952902,220,71748,473,1,1,0,0,30,Director
1662016015,150,245401,989,1,1,1,0,27,Director
1662717013,275,16195139,6212,1,1,1,0,36,Director
1662818861,87,56630,207,1,1,0,0,23,Director
1662886901,841,18354,5264,1,1,1,0,30,Director
1663255344,1247,7433,2303,1,1,1,0,18,Director
1663625424,342,42920,2102,1,1,1,0,34,Director
1665140783,1280,15342,9292,1,1,1,0,31,Director
1668679822,779,13307,2205,1,1,1,0,30,Director
1668730852,1938,1900,132,1,1,1,0,13,Director
1670097255,219,63702,2727,1,-1,1,0,33,Director
1671194705,499,1321637,1451,1,1,1,0,38,Director
1672587573,88,2799050,5584,1,1,1,0,26,Director
1672596487,58,72904,172,1,1,1,0,10,Director
1676578132,809,8682,5227,1,1,1,0,30,Director
1676643274,162,147419,10701,1,1,1,0,41,Director
1676899061,207,167361,10076,1,1,1,0,27,Director
1678548812,378,29918,4143,1,1,1,0,28,Director
1679397157,555,11937,2029,1,1,1,0,29,Director
1681679415,820,36619,280,1,1,1,0,18,Director
1682802012,205,153677,1208,1,-1,1,0,34,Director
1682804733,806,4667694,2438,1,1,1,0,44,Director
1685890210,4228,58479,4593,1,1,0,0,45,Director
1686551024,80,3373,1,1,1,1,0,2,Director
1687863440,139,620,5,1,1,0,0,1,Director
1688392742,565,52628,11749,1,1,1,0,39,Director
1689600824,1269,222215,2253,1,1,1,0,35,Director
1690006111,2019,23285,10093,1,1,1,0,36,Director
1691043795,322,196961,679,1,1,1,0,20,Director
1691761292,961,8546145,5850,1,1,1,0,44,Director
1691954411,95,3299483,637,1,1,1,0,22,Director
1694881242,481,211334,2359,1,1,1,0,36,Director
1697117662,554,492331,3234,1,1,0,0,38,Director
1700117832,959,610310,341,1,1,1,0,30,Director
1703424553,425,4501,3312,1,1,1,0,31,Director
1705324257,276,5730,1147,1,1,1,0,22,Director
1706248070,809,19042,4236,1,1,1,0,24,Director
1707579580,904,358753,6343,1,1,1,0,47,Director
1707759510,2087,585379,2333,1,1,1,0,26,Director
1707887190,585,32677,721,1,1,1,0,26,Director
1708255390,420,377878,860,1,-1,1,0,20,Director
1708766151,797,203020,1179,1,1,1,0,20,Director
1709189085,916,67633,2471,1,-1,1,0,30,Director
1710265423,807,13749,3760,1,1,1,0,36,Director
1711959603,1833,39046,3374,1,1,1,0,33,Director
1713580272,72,1383,8,1,1,0,0,14,Director
1714193955,925,1219208,4583,1,1,1,0,39,Director
1715327265,870,3386,1948,1,1,1,0,19,Director
1716658720,341,1119164,848,1,1,1,0,37,Director
1716881531,698,130700,3521,1,-1,1,0,19,Director
1717229461,475,90756,2719,1,1,1,0,32,Director
1720122823,385,13800,1999,1,1,1,0,25,Director
1720824901,637,176268,490,1,-1,1,0,35,Director
1722150384,2063,158516,13212,1,1,1,0,40,Director
1724926144,771,82355,1583,1,1,1,0,30,Director
1725037614,480,160329,3611,1,1,1,0,30,Director
1729078444,401,70955,1308,1,1,1,0,17,Director
1729650863,132,53946,1732,1,1,1,0,29,Director
1729762643,188,882371,13769,1,1,1,0,30,Director
1729786287,1134,318566,19253,1,1,1,0,48,Director
1730274053,381,19850,2391,1,-1,1,0,18,Director
1730568803,346,214067,2075,1,1,1,0,29,Director
1731134194,26,246218,80,1,1,1,0,12,Director
1731810492,576,59573,1247,1,-1,1,0,35,Director
1733102071,322,95022,2132,1,-1,1,0,25,Director
1733227047,565,1603490,11032,1,1,1,0,30,Director
1733522233,2147,22870,6547,1,1,1,0,31,Director
1733593221,481,163400,4043,1,1,1,0,29,Director
1733661827,340,29083,1816,1,1,1,0,30,Director
1734113731,459,10287,1253,1,1,1,0,26,Director
1734511177,346,84409,429,1,1,1,0,30,Director
1734808171,998,302283,5045,1,1,1,0,32,Director
1736495592,245,305984,214,1,1,1,0,30,Director
1737308664,419,206361,2155,1,1,1,0,33,Director
1737786415,545,386575,1324,1,-1,1,0,27,Director
1738171957,1811,1837215,16898,1,1,1,0,48,Director
1740545001,813,55619,5573,1,1,1,0,44,Director
1741019775,1446,3184739,4995,1,1,1,0,32,Director
1741504132,1465,3113,102,1,1,1,0,26,Director
1741774850,824,114959,5660,1,1,1,0,30,Director
1743157492,1151,39733,9391,1,1,1,0,34,Director
1744195595,969,1051072,1908,1,1,1,0,24,Director
1744389711,462,22425,689,1,-1,1,0,21,Director
1745252107,865,50526,25,1,1,1,0,34,Director
1746008477,69,62043,348,1,1,1,0,19,Director
1747150460,307,46983,2298,1,-1,1,0,15,Director
1747456621,573,15797,6811,1,1,1,0,30,Director
1748051891,448,14656,1195,1,1,1,0,23,Director
1748736580,75,43225,94,1,1,1,0,19,Director
1748996915,587,58058,5838,1,1,1,0,36,Director
1749016442,144,24358,909,1,1,1,0,19,Director
1749698674,560,1636714,2670,1,1,1,0,41,Director
1750082023,434,447474,589,1,1,1,0,32,Director
1750331224,535,62166,12878,1,1,1,0,42,Director
1750747884,1764,11225,4029,1,1,1,0,37,Director
1751313995,168,3048769,579,1,1,1,0,42,Director
1752163197,138,36291,477,1,1,1,0,33,Director
1752439343,787,245752,909,1,1,1,0,29,Director
1753124481,315,2438,607,1,1,0,0,21,Director
1757519727,36,67241,722,1,1,1,0,31,Director
1757820155,2466,15822,4951,1,1,1,0,45,Director
1758576383,1877,2814,2226,1,1,1,0,17,Director
1759633355,2000,5906,6291,1,1,1,0,20,Director
1760283012,1842,139968,1469,1,1,1,0,18,Director
1761995892,171,4504,221,1,1,1,0,29,Director
1762161842,240,369858,2771,1,1,1,0,20,Director
1762480730,1076,36401,10335,1,1,1,0,47,Director
1763236420,374,1359231,3420,1,1,1,0,37,Director
1763664077,1351,15966,2086,1,1,1,0,26,Director
1764103570,564,38453,1425,1,-1,1,0,34,Director
1764330654,594,133307,2042,1,1,1,0,32,Director
1765316821,768,6754,2103,1,1,1,0,34,Director
1766927577,653,32289,420,1,1,1,0,30,Director
1767352564,146,16873,1978,1,-1,1,0,24,Director
1768301361,1184,227529,13643,1,1,1,0,43,Director
1768562487,196,27980,94,1,-1,1,0,35,Director
1768645060,999,21275,796,1,1,1,0,39,Director
1768955554,503,122026,2313,1,1,1,0,22,Director
1769985142,456,245858,1873,1,1,1,0,36,Director
1771131397,530,29991,1547,1,-1,1,0,29,Director
1771372952,653,4294,1314,1,1,0,0,29,Director
1774978073,437,21801678,872,1,1,1,0,31,Director
1775466497,338,659524,699,1,1,1,0,16,Director
1775553557,593,16515,2514,1,1,1,0,35,Director
1776018935,133,99182,334,1,1,1,0,12,Director
1777984105,214,596196,1388,1,1,1,0,32,Director
1778153221,905,93304,1354,1,-1,1,0,33,Director
1778568945,157,30739,574,1,1,1,0,24,Director
1779160415,556,4831,1572,1,1,1,0,30,Director
1781150131,726,3361635,1262,1,1,1,0,37,Director
1781186081,1056,77992,2312,1,1,1,0,32,Director
1781199803,216,1326359,1662,1,1,1,0,30,Director
1782383601,113,91734,155,1,1,1,0,17,Director
1783280043,86,620,3,1,-1,0,0,1,Director
1783627937,1467,16856,3329,1,1,1,0,40,Director
1784069130,566,434412,2222,1,1,1,0,42,Director
1784259947,541,4282,10,1,1,1,0,19,Director
1785216975,563,233162,9256,1,1,1,0,42,Director
1785353477,1007,90905,6693,1,-1,1,0,42,Director
1785563500,124,64834,1342,1,1,1,0,21,Director
1786846131,432,134755,236,1,1,1,0,23,Director
1786874783,421,97013,1619,1,-1,1,0,28,Director
1787449257,340,39582,758,1,1,1,0,16,Director
1787497903,99,92531,400,1,1,1,0,12,Director
1788487793,479,1097917,2086,1,1,1,0,35,Director
1788911797,698,3313,34,1,1,1,0,19,Director
1789869930,1214,8406,1504,1,1,1,0,19,Director
1791257230,1993,3933,9395,1,1,1,0,23,Director
1791550374,887,22138,6800,1,1,1,0,40,Director
1791747873,1998,5200,270420,1,1,0,0,38,Director
1792536027,275,4367,426,1,-1,1,0,25,Director
1792928074,418,174614,3221,1,1,1,0,37,Director
1793207173,268,40833,504,1,1,1,0,27,Director
1795900231,229,179796,446,1,1,1,0,23,Director
1797489042,673,3996,685,1,1,1,0,15,Director
1797935390,1410,8171,5682,1,1,1,0,42,Director
1799506735,1028,8081,15454,1,1,1,0,27,Director
1799720735,770,5335,4028,1,1,1,0,27,Director
1800323370,659,5100,498,1,1,1,0,18,Director
1800587655,355,39500,1726,1,1,1,0,26,Director
1801879781,109,3986369,2087,1,1,1,0,46,Director
1802073813,416,101825,1329,1,1,1,0,36,Director
1802232763,1332,4463,209,1,1,1,0,27,Director
1804081665,1158,14803,3863,1,1,1,0,31,Director
1804410262,1962,7251,25030,1,1,1,0,16,Director
1804771971,1913,45409,12550,1,1,1,0,39,Director
1805714202,312,1916,9,1,1,1,0,15,Director
1806664957,561,8968,1427,1,1,1,0,26,Director
1806806055,504,3474141,1505,1,1,1,0,26,Director
1807294262,290,41847,564,1,1,1,0,28,Director
1807303633,838,201783,4483,1,-1,1,0,36,Director
1808963705,414,55269,2084,1,1,1,0,22,Director
1809489600,423,2449,1514,1,1,1,0,17,Director
1810782932,870,3909,77,1,1,1,0,34,Director
1811502555,303,6818,2512,1,1,1,0,15,Director
1812840930,1470,3021,493,1,1,1,0,19,Director
1813062731,334,6681,365,1,1,1,0,25,Director
1813222587,487,13282,1882,1,1,1,0,25,Director
1814966830,407,106243,981,1,1,1,0,30,Director
1815922803,29,57944,820,1,1,1,0,39,Director
1818753353,215,19986,758,1,1,1,0,24,Director
1818767153,540,277192,1537,1,-1,1,0,31,Director
1818905485,437,265436,269,1,1,1,0,31,Director
1819750505,1211,113042,3376,1,1,1,0,20,Director
1820709070,170,415658,1295,1,1,1,0,23,Director
1822430161,447,175901,1131,1,1,1,0,30,Director
1823023477,36,158347,34,1,1,1,0,9,Director
1824220805,590,386906,74,1,1,1,0,44,Director
1825505067,1039,4674,5058,1,1,1,0,28,Director
1825600794,1034,9922,2629,1,1,0,0,31,Director
1827089491,997,42305,1106,1,1,1,0,30,Director
1827333613,888,68328,1629,1,-1,1,0,31,Director
1827931531,206,277198,1,1,1,1,0,13,Director
1828513701,178,284218,684,1,1,1,0,26,Director
1828987620,1360,8477,7660,1,1,1,0,31,Director
1829319543,819,13137,1531,1,1,1,0,23,Director
1830277595,482,70066,8617,1,-1,1,0,46,Director
1831082644,303,167245,3295,1,1,1,0,45,Director
1831136887,1589,134549,4757,1,1,1,0,32,Director
1832467513,782,29628,2523,1,1,1,0,26,Director
1832621995,258,23940,105,1,1,1,0,11,Director
1833001340,5,21513,105,1,1,0,0,23,Director
1834151565,217,214841,732,1,1,1,0,29,Director
1834827394,34,543636,367,1,1,1,0,38,Director
1835078025,599,11758,385,1,-1,1,0,22,Director
1835753523,546,23475,6568,1,1,1,0,34,Director
1837870215,1571,4848,511,1,1,1,0,11,Director
1838665843,1918,52267,10653,1,-1,1,0,23,Director
1838872411,252,26234,438,1,-1,1,0,17,Director
1841073657,408,243476,527,1,1,1,0,15,Director
1841566337,615,377213,1263,1,1,1,0,28,Director
1842741877,1543,2278,3635,1,1,1,0,38,Director
1842867291,79,82362,14,1,1,1,0,22,Director
1843433613,339,12526,2349,1,1,1,0,17,Director
1843948887,66,3521,238,1,1,0,0,32,Director
1843952105,524,24016,271,1,-1,1,0,37,Director
1845732567,188,3017,303,1,1,1,0,16,Director
1846032707,118,22336,102,1,1,1,0,7,Director
1846843604,580,106995,4143,1,1,1,0,42,Director
1846856627,257,3690,1560,1,-1,1,0,33,Director
1847476011,283,11207,288,1,1,1,0,18,Director
1848535134,204,138060,368,1,1,1,0,26,Director
1848988387,0,168212,1,1,1,1,0,15,Director
1849580221,162,990605,847,1,1,1,0,39,Director
1852454807,170,46535,140,1,1,1,0,22,Director
1852852594,377,25448,7109,1,1,1,0,38,Director
1853142291,196,3948,15,1,1,0,0,34,Director
1854306123,1328,7107,856,1,1,1,0,27,Director
1854322420,2277,55318,3094,1,1,1,0,36,Director
1856087511,158,541174,975,1,1,1,0,37,Director
1859615912,166,179776,1759,1,1,1,0,28,Director
1861770601,200,46642,5966,1,1,1,0,38,Director
1862339653,203,12537,504,1,1,1,0,13,Director
1862534090,293,34938,493,1,1,1,0,17,Director
1863699110,394,114011,514,1,1,1,0,18,Director
1863703302,398,31952,895,1,-1,1,0,28,Director
1863717504,839,4778,3930,1,-1,1,0,27,Director
1863776957,2228,114611,4027,1,1,1,0,38,Director
1864174862,318,311547,2565,1,1,1,0,32,Director
1864507535,294,145044,54,1,1,1,0,31,Director
1866537841,1864,31675,12608,1,1,1,0,43,Director
1866738887,451,11174,543,1,1,1,0,21,Director
1867040197,709,10232,1333,1,1,1,0,27,Director
1867178777,1149,106993,798,1,1,1,0,27,Director
1868166960,404,2383,1151,1,1,1,0,15,Director
1868676135,1995,3094,541,1,1,1,0,20,Director
1870073327,1020,277511,7317,1,1,1,0,42,Director
1872806404,199,38114,1216,1,-1,1,0,18,Director
1873822681,614,181846,403,1,1,1,0,36,Director
1874684535,477,2494658,1257,1,1,1,0,39,Director
1875940105,564,214865,995,1,1,1,0,37,Director
1876548447,231,29859,2324,1,1,1,0,18,Director
1877243221,973,309448,3680,1,-1,1,0,38,Director
1877475353,691,27741,1804,1,1,1,0,26,Director
1877671612,134,58232,771,1,-1,1,0,19,Director
1877771811,884,4029,1135,1,1,1,0,18,Director
1877846423,746,107397,1216,1,1,1,0,26,Director
1878208670,389,4120,48,1,1,1,0,25,Director
1878213401,828,354125,574,1,1,1,0,43,Director
1879795645,1048,96731,489,1,1,1,0,16,Director
1881178745,239,148515,1833,1,1,1,0,44,Director
1881985937,321,33323,3825,1,-1,1,0,28,Director
1882441115,826,59538,5493,1,1,1,0,33,Director
1882815511,676,5305,2483,1,1,1,0,32,Director
1884561294,1849,79514,101,1,1,1,0,18,Director
1885165252,377,23318,242,1,1,1,0,26,Director
1885254795,2813,9990,2230,1,1,1,0,37,Director
1885297743,5,30884,0,1,1,1,0,4,Director
1888655105,137,3722446,3961,1,-1,1,0,46,Director
1889290753,1196,5442,3797,1,1,1,0,32,Director
1892744317,13,1899321,85,1,1,1,0,12,Director
1892769501,1754,2329,2102,1,1,1,0,16,Director
1893485050,358,6275,2929,1,1,1,0,23,Director
1893577302,242,110744,2665,1,1,1,0,35,Director
1894567075,665,8249,1661,1,1,1,0,27,Director
1896258032,783,5006,2086,1,1,1,0,24,Director
1896406847,363,13554,34,1,1,1,0,18,Director
1897620351,236,53314,223,1,1,1,0,20,Director
1898596717,649,285582,8808,1,1,1,0,40,Director
1899136650,1094,98921,6215,1,1,1,0,35,Director
1900245130,986,18859,2957,1,1,1,0,29,Director
1902624805,434,6215,2654,1,1,1,0,24,Director
1903892627,2438,533887,17,1,1,1,0,26,Director
1904336847,204,4910,603,1,1,1,0,20,Director
1905025505,383,68896,1241,1,1,1,0,25,Director
1908680502,860,2749,3208,1,-1,1,0,25,Director
1908758204,235,2744118,2071,1,1,1,0,41,Director
1913829237,88,808807,1249,1,1,1,0,28,Director
1914323413,85,26782,335,1,1,1,0,19,Director
1915397651,348,37900,90,1,1,1,0,25,Director
1915792261,1453,58920,455,1,1,1,0,38,Director
1916650695,477,105790,1029,1,1,1,0,23,Director
1916733607,246,13949,100,1,-1,1,0,8,Director
1917094225,389,30703,603,1,1,1,0,11,Director
1917203053,584,25253,182,1,1,1,0,17,Director
1918485327,500,11848,2948,1,1,1,0,30,Director
1918511973,327,34502,265,1,1,1,0,20,Director
1919953127,352,81697,149,1,-1,1,0,41,Director
1920631051,641,38160,1507,1,1,1,0,34,Director
1921320553,217,837213,736,1,1,1,0,32,Director
1922136392,1703,199788,2285,1,1,1,0,42,Director
1923244631,421,113727,128,1,1,1,0,30,Director
1928802745,1565,4209,1670,1,1,1,0,26,Director
1932636863,312,10577,3258,1,1,1,0,22,Director
1934185625,938,6804,4664,1,1,1,0,33,Director
1934398902,432,35067,905,1,-1,1,0,38,Director
1934599287,1615,2257,3116,1,1,1,0,23,Director
1939140487,3260,110762,1147,1,1,1,0,43,Director
1939388782,225,73381,810,1,1,1,0,20,Director
1939517471,523,2391,1453,1,1,1,0,25,Director
1939679880,1161,105871,651,1,1,1,0,21,Director
1940602365,2848,2997,9487,1,1,1,0,35,Director
1941407973,467,2553,1095,1,-1,1,0,35,Director
1944229524,504,148569,5359,1,1,1,0,21,Director
1948319683,322,16921,1336,1,1,1,0,21,Director
1954361760,1503,58849,3637,1,-1,1,0,23,Director
1958853621,983,24898,1872,1,1,1,0,36,Director
1958983835,82,22615,55,1,-1,1,0,30,Director
1961397247,225,268176,3398,1,1,1,0,37,Director
1962361304,230,118424,304,1,1,1,0,31,Director
1963545435,863,13005,1135,1,1,1,0,19,Director
1965111007,522,12338,7006,1,1,1,0,31,Director
1965834115,1257,2830,1029,1,1,1,0,17,Director
1965849173,291,121473,551,1,1,1,0,20,Director
1966539220,420,403613,4026,1,1,1,0,40,Director
1967092207,385,11357,332,1,1,1,0,15,Director
1967974325,879,21519,10948,1,1,1,0,34,Director
1968147993,204,37652,2799,1,-1,1,0,34,Director
1968190775,749,18336,1022,1,1,1,0,25,Director
1976242531,950,12583,5326,1,1,1,0,32,Director
1979077181,1468,6151,11525,1,1,1,0,33,Director
1980629765,50,6796,18,1,-1,0,0,9,Director
1981200865,92,3900,39,1,1,1,0,13,Director
1986124897,332,2988,247,1,1,1,0,15,Director
1988475715,477,16943,1581,1,1,1,0,24,Director
1989635635,916,2570,311,1,1,1,0,13,Director
1990981537,901,32212,2902,1,1,1,0,30,Director
1993617873,855,2860,1670,1,1,0,0,22,Director
1993677327,238,43905,672,1,-1,1,0,24,Director
1994357131,354,79971,5586,1,1,1,0,37,Director
1994638187,974,51018,3589,1,1,1,0,27,Director
1998136561,298,11898,1290,1,-1,1,0,16,Director
1998197683,220,6868,3831,1,1,0,0,42,Director
2000571044,3,23442,68,1,1,1,0,3,Director
2000719460,331,14899,2184,1,1,1,0,30,Director
2000923532,316,6754,340,1,1,1,0,28,Director
2001866854,157,8089,188,1,1,1,0,13,Director
2001886504,745,4557,10,1,1,1,0,8,Director
2001907592,1633,5465,883,1,1,1,0,18,Director
2001960160,333,3221,94,1,1,1,0,8,Director
2001968460,813,3505,254,1,1,1,0,14,Director
2001993724,150,442558,321,1,1,1,0,22,Director
2006958683,616,1528,1248,1,1,1,0,21,Director
2010059951,370,16086,3947,1,1,1,0,42,Director
2011785867,14,30222,448,1,1,1,0,4,Director
2011980642,530,5552,307,1,-1,1,0,21,Director
2013834682,828,62324,2341,1,-1,1,0,33,Director
2015586237,269,4376,40,1,1,1,0,19,Director
2015618515,835,22278,301,1,1,1,0,27,Director
2018339755,2022,4367,1061,1,1,1,0,15,Director
2018386265,122,4848,178,1,1,1,0,18,Director
2019626923,24,310455,63,1,1,1,0,10,Director
2019920917,41,6903,1,1,1,1,0,1,Director
2020237375,227,74627,1379,1,-1,1,0,27,Director
2020301791,687,3200,2187,1,1,1,0,30,Director
2020314435,20,58758,6,1,1,1,0,4,Director
2020536651,1333,54459,2524,1,1,1,0,31,Director
2021101371,744,5806,3598,1,1,1,0,35,Director
2021542577,888,11153,3907,1,1,1,0,25,Director
2022175525,42,8997,32,1,1,1,0,16,Director
2022231741,64,81306,44,1,1,1,0,9,Director
2023114317,416,567698,1318,1,1,1,0,23,Director
2023120987,101,23332,15,1,1,1,0,11,Director
2023202567,40,5793,1,1,1,1,0,1,Director
2023265707,405,16819,2304,1,-1,1,0,34,Director
2023749191,20,16630,1,1,1,1,0,1,Director
2023754071,555,2647,328,1,-1,1,0,16,Director
2023880395,911,20146,4038,1,1,1,0,18,Director
2023902851,584,3862,24,1,1,1,0,15,Director
2027754755,844,50764,870,1,1,1,0,38,Director
2027765285,320,3453,1246,1,-1,1,0,14,Director
2027775223,294,11169,886,1,1,1,0,27,Director
2027790243,147,3967,1338,1,1,1,0,23,Director
2028778307,282,24082,1377,1,-1,1,0,19,Director
2029266201,340,28273,1125,1,1,1,0,29,Director
2034325732,121,473183,956,1,1,1,0,24,Director
2036011644,78,1080538,78,1,1,1,0,25,Director
2036033817,1552,143498,36265,1,1,1,0,36,Director
2037615607,385,4457,1158,1,1,1,0,16,Director
2037638097,275,2247,643,1,1,1,0,17,Director
2037658153,714,23258,2115,1,1,1,0,18,Director
2038330535,74,16128,831,1,1,0,0,26,Director
2039778545,1570,103936,4827,1,1,1,0,33,Director
2039795511,687,3272,828,1,1,1,0,17,Director
2039924963,1380,18429,24800,1,1,1,0,39,Director
2040261595,452,23789,1004,1,1,1,0,14,Director
2040288061,1962,6025,853,1,1,1,0,15,Director
2040308881,383,6864,2299,1,1,1,0,27,Director
2040390815,873,5550,208,1,1,1,0,19,Director
2041387043,1603,10291,851,1,1,1,0,21,Director
2042088395,381,3536,817,1,1,1,0,16,Director
2042091305,1114,26491,1902,1,1,1,0,24,Director
2042094311,120,4108,0,1,1,1,0,28,Director
2047513971,523,4760,399,1,1,1,0,20,Director
2048565713,415,6446,4259,1,1,1,0,28,Director
2056787975,1096,2694,250,1,1,1,0,19,Director
2067446080,444,267406,857,1,1,1,0,24,Director
2090183062,547,398624,1173,1,1,1,0,28,Director
2090616397,408,42104,2846,1,-1,1,0,34,Director
2091272261,501,50080,102,1,1,1,0,13,Director
2100787342,970,10777,1079,1,1,1,0,22,Director
2101344804,527,5889,1314,1,1,1,0,25,Director
2107857355,293,32183,255,1,1,1,0,27,Director
2108501902,1984,4387,1458,1,1,1,0,29,Director
2112355585,2111,75996,625,1,1,1,0,27,Director
2113966892,463,17925,1474,1,1,1,0,27,Director
2114929700,100,26195,884,1,1,1,0,39,Director
2115320910,171,11055,2319,1,1,1,0,16,Director
2118503381,144,117986,574,1,-1,1,0,36,Director
2118519967,157,2541,205,1,1,1,0,21,Director
2119528913,458,288513,2555,1,1,1,0,32,Director
2123685435,118,185755,67,1,1,1,0,29,Director
2129027805,54,167543,2442,1,1,1,0,32,Director
2132932084,885,2232,1335,1,1,1,0,25,Director
2133843210,50,526190,11,1,1,1,0,13,Director
2136762611,410,71981,787,1,-1,1,0,22,Director
2138276367,282,14144,1558,1,1,1,0,28,Director
2140415420,982,3708923,24648,1,1,1,0,48,Director
2141161567,260,3042,86,1,1,1,0,29,Director
2142046117,676,71749,3737,1,-1,1,0,38,Director
2150745643,1153,2805,672,1,-1,1,0,15,Director
2153488083,1065,6268,2755,1,1,1,0,28,Director
2154586607,665,27568,2128,1,-1,1,0,39,Director
2155103350,17,2722,1868,1,1,1,0,27,Director
2158326022,444,3458,764,1,1,1,0,25,Director
2159708043,1929,2562,4305,1,-1,1,0,20,Director
2159810123,393,25546,575,1,1,1,0,28,Director
2159863893,133,7409332,1239,1,1,1,0,28,Director
2163881935,834,12135,5387,1,1,1,0,15,Director
2164599630,293,12490,1964,1,1,0,0,28,Director
2166141785,2074,29617,2157,1,1,1,0,30,Director
2168267715,903,32893,696,1,1,1,0,14,Director
2168614032,1953,26156,1536,1,1,1,0,17,Director
2174188551,710,5670,18275,1,1,0,0,39,Director
2174952721,2009,2958,2681,1,1,1,0,23,Director
2187785787,293,25041,935,1,1,1,0,25,Director
2191416101,0,48455,7,1,-1,1,0,36,Director
2192522843,1205,10223,2106,1,1,1,0,26,Director
2192759421,80,33322,572,1,1,1,0,19,Director
2206863573,1362,14329,5197,1,1,1,0,24,Director
2214188385,106,245753,224,1,1,1,0,15,Director
2216246315,2004,7161,301,1,1,0,0,23,Director
2242426002,699,408580,2914,1,1,1,0,36,Director
2247209100,291,5594,734,1,1,1,0,32,Director
2254912583,218,119807,247,1,-1,1,0,21,Director
2261352907,526,20602,1898,1,1,1,0,29,Director
2265735423,278,1197893,4267,1,1,1,0,30,Director
2271870281,950,1833,2977,1,-1,0,0,36,Director
2281214893,73,2331,72,1,1,1,0,14,Director
2284121081,2277,119714,736,1,1,1,0,27,Director
2287622582,102,2963,163,1,1,1,0,16,Director
2287906644,9,110841,2445,1,1,1,0,38,Director
2294731913,705,14679,6614,1,1,1,0,19,Director
2296648042,1167,32814,1322,1,1,1,0,26,Director
2302252174,231,10600,561,1,1,1,0,18,Director
2308220044,400,44078,1369,1,1,1,0,34,Director
2325637043,714,19379,6684,1,1,1,0,36,Director
2330270391,541,1987,5150,1,1,1,0,28,Director
2337003735,425,20175,119,1,1,0,0,26,Director
2340040242,985,7802,1163,1,1,1,0,20,Director
2343975702,2324,15091,5964,1,1,1,0,36,Director
2345544584,82,9216165,1126,1,1,1,0,24,Director
2350427761,30,19388,61,1,1,1,0,4,Director
2362653773,104,19487,194,1,1,1,0,14,Director
2374059022,70,115803,386,1,1,1,0,26,Director
2383004407,681,101945,1157,1,-1,1,0,32,Director
2385341970,387,2853280,364,1,1,1,0,41,Director
2391804484,17,1190411,97,1,1,1,0,14,Director
2399788431,1028,2509,1136,1,1,1,0,14,Director
2402443797,268,228165,457,1,1,1,0,16,Director
2406518217,283,1298,537,1,1,1,0,13,Director
2408082361,115,63777,49,1,1,1,0,14,Director
2408974950,292,138552,458,1,1,1,0,30,Director
2416283505,7,22362,47,1,1,1,0,7,Director
2420784195,1267,13557,969,1,1,1,0,17,Director
2421783223,609,114117,16993,1,1,1,0,45,Director
2425590443,971,24155,1430,1,1,1,0,31,Director
2430268422,124,108333,252,1,1,1,0,28,Director
2437252307,276,8057,234,1,1,1,0,12,Director
2440399110,2851,4193,2711,1,1,1,0,18,Director
2442134431,2005,11352,2232,1,1,1,0,28,Director
2447997291,140,58727,361,1,1,1,0,39,Director
2463530862,237,158473,134,1,1,1,0,35,Director
2464509974,863,65159,998,1,1,1,0,20,Director
2465500502,178,136755,205,1,1,1,0,27,Director
2472137883,714,28869,1801,1,-1,1,0,27,Director
2487343565,75,5643,58,1,1,1,0,28,Director
2490511862,550,2352,1922,1,1,1,0,31,Director
2490716581,1016,740803,2929,1,-1,1,0,45,Director
2492237094,2026,20998,182,1,-1,1,0,13,Director
2498856875,165,17241,728,1,1,1,0,23,Director
2499589844,1383,2832,821,1,1,1,0,16,Director
2508074924,112,10550,130,1,1,1,0,31,Director
2510336914,1062,16273,1112,1,1,1,0,38,Director
2527136140,1590,2170896,6901,1,1,1,0,43,Director
2532518225,147,61168,464,1,1,1,0,9,Director
2545400447,1075,40562,33,1,1,1,0,16,Director
2553952800,466,236233,583,1,1,1,0,20,Director
2558162751,103,3702,161,1,1,1,0,20,Director
2560663802,786,11799,2159,1,1,1,0,18,Director
2564231595,1229,8950,1832,1,1,1,0,17,Director
2581620413,236,393037,5434,1,1,1,0,38,Director
2606134332,339,2094,1214,1,1,1,0,34,Director
2610034071,1273,69262,475,1,1,1,0,35,Director
2615266244,84,36187,219,1,1,1,0,28,Director
2622552115,6,34714,123,1,1,1,0,24,Director
2624837843,175,21260,304,1,-1,1,0,22,Director
2626544875,335,116391,2468,1,-1,1,0,44,Director
2627825042,440,40950,1406,1,1,1,0,28,Director
2628557662,581,9581,635,1,1,1,0,16,Director
2644689664,240,14099,734,1,-1,1,0,13,Director
2649084747,433,24598,4145,1,1,1,0,31,Director
2662146547,191,53772,6707,1,1,1,0,21,Director
2680297253,110,160809,64,1,1,1,0,17,Director
2685858793,181,784836,1273,1,1,1,0,20,Director
2687868021,230,1938149,641,1,1,1,0,30,Director
2689811623,40,429706,3444,1,1,1,0,29,Director
2694310284,112,16691,281,1,1,1,0,12,Director
2695399027,207,10452,501,1,1,1,0,40,Director
2704276901,999,155873,1039,1,1,1,0,25,Director
2708563984,1455,8554,2955,1,-1,1,0,18,Director
2721900922,1489,22430,688,1,1,1,0,23,Director
2735365521,927,14085,930,1,1,1,0,23,Director
2752026295,3838,26145,1722,1,1,1,0,33,Director
2770437884,353,72830,668,1,1,1,0,19,Director
2791502341,332,163342,603,1,1,1,0,29,Director
2811956420,0,89090,8,1,1,1,0,2,Director
2825659903,2920,4381,5658,1,1,0,0,37,Director
2848865287,2298,4405,564,1,1,1,0,29,Director
2851794377,176,1992901,3189,1,1,1,0,31,Director
2882937830,40,106850,1065,1,1,1,0,27,Director
2894342595,112,41032,274,1,1,1,0,32,Director
2929389011,393,21671,202,1,1,1,0,23,Director
2955081061,8,9116,424,1,1,1,0,21,Director
2959184637,39,13066,333,1,1,1,0,7,Director
2966578773,108,2330,1703,1,1,0,0,14,Director
2991388434,201,15772,132,1,1,1,0,38,Director
2991399801,259,112565,1073,1,1,1,0,36,Director
2993868502,124,2621,12,1,1,1,0,20,Director
3003367105,44,18321,44,1,1,0,0,4,Director
3019322964,1626,14035,2292,1,1,1,0,38,Director
3056356507,764,17827,2023,1,1,0,0,34,Director
3058863073,513,141047,1264,1,1,1,0,32,Director
3081836814,557,44427,801,1,1,1,0,32,Director
3118729453,77,281670,334,1,1,1,0,28,Director
3175004891,434,124267,249,1,-1,1,0,19,Director
3186413234,681,47769,1214,1,1,1,0,28,Director
3205914067,55,138096,115,1,1,1,0,11,Director
3214240813,450,145424,2779,1,1,1,0,37,Director
3224366944,1190,109555,11272,1,1,1,0,46,Director
3242346400,178,6316608,1712,1,1,1,0,37,Director
3245166000,854,119664,289,1,1,1,0,12,Director
3246833010,64,26362,73,1,1,1,0,14,Director
3280734960,455,18410,929,1,1,1,0,30,Director
3408811772,24,29815,637,1,-1,1,0,17,Director
3481856171,520,20870,317,1,1,0,0,27,Director
3505707324,74,105168,2392,1,1,1,0,26,Director
3525770420,79,226987,487,1,1,0,0,23,Director
3601820750,15,2069,155,1,1,0,0,16,Director
3762306843,526,221347,4533,1,1,1,0,40,Director
3762488127,1923,332567,165,1,1,1,0,27,Director
3821700728,50,121376,2154,1,1,0,0,34,Director
3880051096,34,8657426,148,1,-1,1,0,17,Director
3921955571,59,3597,172,1,1,1,0,4,Director
3922732638,460,641551,43,1,-1,1,0,32,Director
3963873559,173,8298,82,1,1,1,0,19,Director
5060151003,76,59361,117,1,1,1,0,21,Director
5060572092,297,97713,1721,1,1,1,0,38,Director
5084269480,224,9006,111,1,-1,1,0,9,Director
5109279082,432,23952,51,1,1,1,0,17,Director
5137573926,147,47207,195,1,1,1,0,13,Director
5183938052,2,39067,36,1,1,1,0,10,Director
5184603752,1215,329228,223,1,1,0,0,21,Director
5236432408,373,44720,4140,1,1,1,0,41,Director
5349856914,89,7269,75,1,1,1,0,15,Director
5399355068,499,146717,63,1,1,1,0,17,Director
5433891379,205,57444,5340,1,1,1,0,34,Director
5444075621,124,209103,432,1,1,1,0,14,Director
5476301864,29,797534,49,1,1,1,0,9,Director
5515982761,7,25142,134,1,1,1,0,14,Director
5602920586,51,247144,84,1,-1,1,0,14,Director
5619194095,654,603957,70,1,1,1,0,30,Director
5628244953,631,95151,624,1,-1,1,0,24,Director
5654100000,5,290479,68,1,1,1,0,4,Director
5655401306,382,118170,120,1,1,0,0,19,Director
5655882037,135,97413,739,1,1,1,0,26,Director
5680095770,17,725719,279,1,1,1,0,4,Director
5769795847,409,254152,165,1,1,1,0,14,Director
5790115200,32,31586,555,1,-1,1,0,4,Director
5791257649,288,45034,376,1,1,1,0,14,Director
5844419290,99,88385,217,1,1,1,0,19,Director
5865789291,76,49156,103,1,1,1,0,9,Director
5869829748,77,1440804,637,1,-1,1,0,9,Director
5909325525,4984,39898,3370,1,1,1,0,29,Director
5936041758,74,438858,446,1,1,0,0,9,Director
6033984815,241,79578,88,1,1,1,0,16,Director
6069230196,379,116622,90,1,1,1,0,21,Director
6070376166,673,150938,50,1,1,0,0,13,Director
6089616767,32,1252115,587,1,1,1,0,4,Director
6101000712,7,54714,76,1,1,1,0,4,Director
6160635372,156,16221,2979,1,1,0,0,9,Director
6356946140,32,5118,183,1,1,1,0,14,Director
6447770276,30,21487,58,1,1,1,0,4,Director
6463407982,13,24704,60,1,1,1,0,4,Director
6502179951,4,16829,3,1,1,1,0,4,Director
76438264,501,13280,4761,1,1,1,0,20,Director
