userid,followers,friends,statuses,favourites,activity,influence,protected,verified,category
1001009784,2146,3359,25613,12438,74.7618,81.3658,0,0,Military
1001701014,15165,5046,82873,146,78.341,56.9341,0,0,Military
100253123,2115,3425,17963,11711,74.9785,68.1186,0,0,Military
10080132,95871,1300,33167,20,93.5404,76.1545,0,1,Military
1014922465,302410,5,39929,491,92.9862,83.7316,0,1,Military
10215102,166287,1447,4565,73,91.6114,77.9835,0,0,Military
1022810954,19785,16408,22795,1002,84.099,66.3052,0,0,Military
102361333,539674,465,5093,88,100.731,98.2185,0,1,Military
102371835,2549,1481,1973,471,73.7753,68.7839,0,0,Military
102455692,28379,657,3173,2597,88.1641,98.8564,0,1,Military
102476242,21044,1611,11492,502,84.9991,82.1969,0,0,Military
10252962,617971,752,125070,786,103.416,96.2648,0,1,Military
1026394806,1782,992,724,426,66.6767,63.8432,0,0,Military
103022243,16877,3299,4748,91,85.6519,89.4236,0,1,Military
1032747925,1655,35,26993,0,61.3052,45.0949,0,0,Military
103743046,9663,4390,15855,721,80.4499,65.6456,0,0,Military
1042307696,71196,496,5004,1069,92.8886,88.8054,0,1,Military
104289752,12863,174,3900,1055,83.9772,81.62,0,0,Military
105796992,17620,617,12452,3088,84.8296,78.2321,0,1,Military
105899607,6901,5104,69922,17540,80.438,73.6609,0,0,Military
106053074,653,2169,654,873,61.3592,52.4647,0,0,Military
1063190647,956,1094,1691,445,68.0561,69.3282,0,0,Military
106348473,13490,484,12659,37,82.7542,77.9437,0,1,Military
107223327,62938,1044,3561,2534,92.2136,86.5507,0,1,Military
10722752,15822,320,120843,483,84.9384,78.277,0,0,Military
107655313,508562,474,16226,3320,101.329,101.795,0,0,Military
107747077,59395,59242,37923,1307,87.4059,61.0808,0,0,Military
108636660,7202,770,6308,920,79.4781,78.79,0,0,Military
1091561809,143659,904,7982,50,96.3295,88.6664,0,0,Military
1091639485,41878,775,13759,4477,89.9816,86.1414,0,1,Military
109673936,2199,1042,4572,893,72.8843,67.6588,0,0,Military
110486147,10447,1569,72772,23103,82.8613,76.6819,0,0,Military
1106172950,2139,2136,11712,2263,74.2682,69.4969,0,0,Military
1106612167,7713,5151,3129,197,76.7906,59.6874,0,0,Military
1115874631,3036094,50,31854,7,109.683,97.0171,0,1,Military
11196812,21300,100,28347,25504,83.0306,67.5801,0,0,Military
1126289629,3608,117,595,4,63.6849,35.3601,0,0,Military
11265832,207393,1577,118962,2418,97.9953,80.865,0,1,Military
11311362,1486,1539,6001,2391,71.9509,65.8588,0,0,Military
11316572,106769,1264,50139,5036,94.6899,84.0069,0,0,Military
113474316,56169,3059,121258,8613,91.042,86.0864,0,0,Military
113658794,7284,123,1250,2,76.3632,60.1236,0,0,Military
114254401,49798,1929,4126,3275,84.1719,78.9706,0,0,Military
1144935463,124680,265,2637,297,94.5013,89.0112,0,1,Military
114960363,2346,43,9917,819,73.4946,76.029,0,0,Military
115151170,137395,1,3374,17,96.0338,91.4667,0,1,Military
1151633461,510,8,1359,3,60.3422,52.4032,0,0,Military
1152279248,2077206,112,2079,1833,103.069,105.993,0,0,Military
115252270,2006,497,1117848,25,62.2692,31.2628,0,0,Military
1153722942,520,1972,74870,242,59.3955,40.5445,0,0,Military
1158703615,1736,735,2920,386,73.3265,76.5211,0,1,Military
1160531425,1462,2084,14137,1578,69.0059,54.1392,0,0,Military
117439544,110033,78,1648,431,91.6095,89.3377,0,1,Military
117573605,2068,2597,6676,857,72.1959,63.2485,0,0,Military
1176994477,92266,358,20604,146,93.2137,98.7933,0,1,Military
117821354,42715,66,2093,23,86.2283,84.6107,0,1,Military
118111028,24693,1038,32376,2166,87.5003,86.9702,0,0,Military
118701034,3590,438,6057,1,76.5897,74.2183,0,0,Military
118730543,5350,3762,15704,1238,79.8924,72.5809,0,1,Military
119048111,34118,938,9252,13,88.3539,87.3336,0,1,Military
119066913,663,619,7844,1605,69.2311,65.5822,0,0,Military
1191577668,892,923,2550,2217,69.8099,68.9702,0,0,Military
119757545,53569,897,39744,1217,90.7824,90.1952,0,0,Military
1198416960,21260,533,3956,34,86.8219,81.5724,0,0,Military
120120773,18363,442,10852,358,83.6842,73.6018,0,0,Military
1202427403,1297,1876,1932,14,70.0135,60.3579,0,0,Military
120327191,1906,2081,16674,63,74.0577,69.6509,0,0,Military
1205413460,2732,559,2158,19,74.204,70.2257,0,0,Military
1209936918,116844,57,84881,2022,95.1254,95.4073,0,1,Military
121019896,62019,786,6550,61,87.9148,86.6137,0,1,Military
121148202,767,518,34989,529,69.4677,64.2777,0,0,Military
121202143,1035,1994,65869,3765,65.9829,54.7141,0,0,Military
121873551,634,243,744,72,61.3528,50.2891,0,0,Military
122339767,108890,8,216581,2,82.2182,52.5262,0,0,Military
122954738,907,4996,8236,4708,70.8846,67.2798,0,0,Military
12331682,569,561,2739,9,65.1759,50.1923,0,0,Military
123410339,10480,2144,79899,0,70.5124,42.2221,0,0,Military
123907644,6386,128,44620,4270,79.6101,63.3153,0,0,Military
12413892,124461,2081,141329,1494,95.3021,77.1292,0,1,Military
12425692,2379018,1749,97642,152,108.091,98.5854,0,0,Military
124319157,1216,1250,26951,2780,72.392,59.1985,0,0,Military
1248408648,2510,1026,17489,1129,75.8574,76.7601,0,0,Military
124850719,16779,18355,1970,3159,82.3193,81.5178,0,0,Military
125400908,20930,1146,24818,2943,86.5385,88.958,0,1,Military
125519902,4555,260,908,223,72.4525,64.3545,0,0,Military
125753208,7152,1623,8656,3,81.367,67.8854,0,0,Military
125767959,9145,599,9009,327,81.0096,72.7784,0,1,Military
126086206,20548,294,2760,629,85.1646,78.4971,0,1,Military
127182500,31576,1160,75330,7267,88.6426,82.5703,0,0,Military
127631608,190491,1506,16479,224,93.6589,68.7874,0,1,Military
127887649,1200,994,2080,184,70.1937,63.1913,0,0,Military
127900308,45949,43269,1048,4573,84.7945,78.4289,0,1,Military
1283351484,2860,1,41588,5435,51.7841,31.3319,0,0,Military
12837932,57317,2846,134739,509,91.4097,80.7508,0,1,Military
128671575,632,3311,12108,1861,69.2198,57.3655,0,0,Military
1286716364,827,463,1393,27,61.7005,49.2709,0,0,Military
12896172,27032,22582,1167021,1249402,87.5071,78.6159,0,0,Military
1289658361,536244,134,1409,53,87.7115,83.9359,0,0,Military
1293696956,1948,1814,8569,7992,71.4806,64.9912,0,0,Military
131538331,16087,1987,51878,1477,84.8985,97.6218,0,1,Military
1318710630,9642,33,1813,621,80.0182,74.7246,0,0,Military
1319219364,10438,103,8553,211,75.2769,66.6682,0,0,Military
1319832283,22626,1,2085,0,81.869,69.2916,0,1,Military
1320073344,653916,28629,17573,85,96.118,97.4129,0,0,Military
132737162,94244,649,19927,544,93.5933,84.1205,0,1,Military
1328916486,714,314,828,234,62.0612,60.7242,0,0,Military
133315811,3180,1204,112052,11432,77.3454,73.035,0,1,Military
133905861,138895,1992,1563,142,91.6297,76.8342,0,0,Military
134249692,3527,297,8093,713,75.679,69.096,0,0,Military
134398560,311853,2763,81161,6779,99.4043,85.4665,0,1,Military
1346074165,2435,660,2730,647,75.1423,73.8367,0,0,Military
135322447,616,428,959,21,62.0361,47.1513,0,0,Military
135678842,46084,1080,5463,1797,90.1266,87.6382,0,0,Military
1357840590,2125,3353,3547,1572,75.27,74.0871,0,1,Military
1358520301,15160,330,32590,7542,84.3646,91.18,0,0,Military
1362191299,577347,1,10165,2,97.7758,97.3013,0,1,Military
1362368612,39240,2278,39995,114149,88.5618,87.7829,0,1,Military
136440628,502,26,1097,1,62.4621,43.4336,0,0,Military
137320274,1172,930,1973,17,69.7896,66.1113,0,0,Military
1378117842,31674,975,10554,7400,88.5907,78.4124,0,0,Military
1380398929,3513,332,6824,4305,77.4997,80.1498,0,0,Military
138092553,3028,2998,175375,93,64.2955,42.2941,0,0,Military
138482259,1218,111,1121,0,58.7894,44.8658,0,0,Military
1386987253,2193,2145,1436,181,70.6452,60.048,0,0,Military
1390655120,772,822,2994,171,69.8771,64.2802,0,0,Military
1392559128,16066,97,3295,23,85.1286,78.5568,0,0,Military
1393038523,576,705,7108,5,68.7128,54.1879,0,0,Military
1398740964,4643,453,510,52,69.973,63.7956,0,0,Military
1401977316,603,601,560,13,53.7635,32.8024,0,0,Military
140402938,7861,3601,3721,259,80.7015,71.5243,0,0,Military
1404953154,6147,2032,4400,1950,74.1929,52.928,0,0,Military
1408312021,15477,93,1950,205,82.0178,78.5539,0,1,Military
140917531,1375,2586,16178,2327,68.4524,56.6674,0,0,Military
14106476,179946,824,36188,688,91.594,80.504,0,1,Military
1411455757,23244,536,26093,23256,86.8764,87.6023,0,0,Military
14173315,4889529,2957,116380,742,112.477,103.954,0,1,Military
14185814,186054,1175,125245,2099,97.6581,86.1099,0,1,Military
1418590874,822,306,2781,60,69.8024,67.5336,0,0,Military
142354377,1397,1957,4182,37,67.4028,56.3777,0,0,Military
142375993,46523,304,3110,18492,90.1847,101.305,0,0,Military
1425387379,8445,1103,11456,599,80.1468,67.0838,0,0,Military
142557721,258972,918,16768,160,97.2766,79.2982,0,1,Military
14296157,140615,5990,114205,960,95.7065,82.1257,0,1,Military
143142203,11808,5985,81633,232,71.1182,54.3646,0,1,Military
14327793,14280,12106,14788,9464,84.8876,79.4496,0,1,Military
1433356862,46027,861,32430,2539,89.9654,82.7218,0,1,Military
1438389025,68549,23689,26817,4421,89.3595,74.2542,0,0,Military
14389923,63682,204,28071,43,85.6307,69.9621,0,0,Military
14401607,119785,7028,241583,15042,95.3007,88.7967,0,0,Military
1440384673,4827,248,4078,20,56.7832,32.8939,0,0,Military
14426369,89697,74,110084,143,82.6359,61.0114,0,1,Military
144432548,4423,1891,1917,16,76.1304,70.6758,0,1,Military
144477353,1672,358,38132,8459,73.7895,69.1354,0,0,Military
1445828989,907,1584,10113,2721,68.4027,58.8272,0,0,Military
1448776051,636,5,3482,0,58.7394,51.4868,0,0,Military
1451880907,28706,2510,5241,7563,88.2694,84.3429,0,1,Military
14555219,1584,2033,762,170,66.4573,60.3741,0,0,Military
14584903,141411,407,19055,12,93.4842,88.3809,0,1,Military
14592411,84649,14229,109098,1124,93.7582,78.6174,0,1,Military
14604442,152335,408,14350,659,95.7671,91.1502,0,1,Military
14645744,62236,555,22203,355,86.3983,73.0911,0,0,Military
14692385,153015,845,24577,677,91.5639,94.0037,0,1,Military
14705712,27264,1998,23808,2460,88.0046,84.2805,0,1,Military
147202600,28431,9976,4633,802,82.2424,88.4018,0,0,Military
14773232,14053,995,20260,1000,84.7415,83.7815,0,1,Military
14821314,5377,1494,20138,96,77.2926,62.4571,0,0,Military
1482930300,9350,1397,1953,600,79.9231,76.9792,0,1,Military
14831475,48056,2083,13626,1735,90.7717,85.6052,0,1,Military
148459836,1015,1748,13880,3464,71.5732,67.7171,0,0,Military
1484818710,737,1972,9396,790,67.8771,62.0688,0,0,Military
14896104,2655,14,4573,14,72.2013,43.2252,0,0,Military
149495617,271175,36,66645,5,90.9615,74.9795,0,1,Military
14976738,137064,641,117499,4420,96.1835,74.2133,0,1,Military
149834746,2157,1660,17073,2674,69.1037,58.2711,0,0,Military
1499806056,77381,42,2893,131,87.4271,54.5766,0,0,Military
15044904,845,379,1404,167,65.798,49.7358,0,0,Military
1507096069,597,677,3411,252,63.6192,50.7648,0,0,Military
15091503,49722,87,22039,17,83.9474,74.3437,0,0,Military
151058995,42139,1143,3404,16,90.1108,91.2691,0,1,Military
15109904,82909,7110,119819,1507,92.4625,69.8235,0,1,Military
1511070037,1566,1532,800,160,66.8121,72.7658,0,0,Military
15113565,287336,193,19182,1123,98.875,91.6571,0,1,Military
15120279,1001,1899,20475,31522,69.2737,58.6016,0,0,Military
1512524468,2110,2048,1303,21,64.1702,41.8696,0,0,Military
152218514,17261,5426,15075,6,74.3813,60.5107,0,0,Military
1525210998,4028,26,1099,20,68.9628,63.8177,0,0,Military
15286867,24690,37,3382,7,86.6163,79.97,0,0,Military
15297249,1332,1100,4003,385,72.8228,75.3622,0,1,Military
15304100,298319,23842,113400,664,97.9806,80.9786,0,1,Military
153605762,6851,1497,5234,21,81.1339,75.3269,0,0,Military
153772652,546177,787,2571,314,101.811,105.588,0,1,Military
153918738,519,471,2960,395,67.7315,58.149,0,0,Military
15392053,103080,5529,80337,580,94.4446,81.571,0,1,Military
15438913,2016585,2400,209582,711,109.462,97.7313,0,1,Military
15503210,36157,6279,43855,9029,89.4973,84.313,0,0,Military
15564045,203365,446,77346,580,98.1176,83.1379,0,1,Military
1561484600,20453,13,2817,0,73.461,49.4471,0,0,Military
1562759204,188216,200,1193,42,92.6497,85.5743,0,0,Military
15647676,1200630,370,11670,176,106.732,103.232,0,1,Military
15651634,128870,987,200540,1026,91.9377,72.8565,0,1,Military
15652540,378955,838,157119,527,101.228,89.7755,0,1,Military
15673031,1987,317,16081,2418,74.0764,78.6044,0,0,Military
156852252,632,1198,3669,20,59.2731,36.2367,0,0,Military
1571635652,3240,31,6616,0,70.9056,73.1192,0,0,Military
15766082,180034,9509,35020,4991,97.5303,101.541,0,1,Military
15774741,32408,994,65162,1784,84.8889,74.0829,0,1,Military
157877473,688,767,7184,141,69.0891,60.9035,0,0,Military
15821204,915,892,28867,12,65.5983,51.4869,0,0,Military
1584997290,2063,103,1227,146,70.2846,66.0612,0,0,Military
15857971,37874,428,1697,117,84.4349,77.5273,0,1,Military
158658574,69766,89,9286,0,89.813,84.9141,0,1,Military
15872418,5412113,1301,506478,860,113.955,91.1458,0,1,Military
158858541,34064,910,8854,1220,88.1712,82.4326,0,1,Military
1590197336,3019,134,1255,69,70.7458,62.9535,0,0,Military
15909372,27921,2021,13774,4497,87.6809,75.6643,0,0,Military
15918014,548,1268,1149,63,63.1935,62.0158,0,0,Military
1593735296,743,1651,1269,335,63.0417,55.0866,0,0,Military
1595284242,2793,219,1167,96,65.8067,54.441,0,0,Military
1595466294,5876,571,11001,110,74.3291,73.612,0,0,Military
1595785458,903,556,5265,19553,70.9396,65.4803,0,0,Military
15987296,74737,1976,12851,978,93.1368,88.0288,0,1,Military
16017996,132487,1037,16795,3223,95.8079,94.0881,0,1,Military
16049790,9538,4109,87226,2352,82.8446,75.8928,0,0,Military
16050807,12788,11388,10825,74,82.7989,74.3311,0,1,Military
16072089,3196,3751,48503,11549,77.2198,73.5987,0,0,Military
16086928,354894,2185,166783,2119,100.953,81.7061,0,1,Military
160946337,254210,415,5479,867,98.5931,95.3504,0,1,Military
16118516,9963,3046,11785,752,82.1435,74.5585,0,1,Military
16129106,408442,204,8697,533,97.9293,97.9098,0,1,Military
16143986,9053,9871,10038,272,81.571,75.6117,0,1,Military
1617964620,4573,483,3829,787,77.601,79.5953,0,0,Military
16191100,4091,4434,3947,67,77.0937,71.4297,0,1,Military
1619820937,5932,913,10734,44,80.4511,72.5127,0,0,Military
162086674,1183,889,10366,509,72.3042,65.3346,0,0,Military
162114001,22087,11100,42082,23148,86.5484,83.6275,0,1,Military
16228257,39927,12680,48824,13888,89.6236,82.154,0,1,Military
16259594,148706,645,90013,854,96.4899,79.862,0,0,Military
1626294277,743258,0,19794,1,93.234,93.0804,0,0,Military
16273831,1333612,239,86630,62,105.378,87.1023,0,1,Military
1630482644,27133,27394,1763,353,85.0083,74.5741,0,0,Military
16307778,69625,762,62305,1585,92.0914,72.2928,0,0,Military
16308572,515141,438,131738,171,89.9943,64.9343,0,1,Military
16331756,301253,1041,96258,4458,99.8595,94.5176,0,1,Military
16332811,1724,2193,4515,216,73.0204,62.5169,0,0,Military
1633453286,26643,65,9475,6,76.5916,73.1047,0,0,Military
16374678,940055,493,138913,1643,105.483,97.1451,0,1,Military
163872745,893,2170,3381,211,66.8074,57.8137,0,0,Military
16423992,896,2221,8707,3061,69.8274,59.053,0,0,Military
1642772874,2223,669,10491,4582,75.0298,81.2745,0,0,Military
16455202,4380,1172,907,171,72.4314,66.5236,0,1,Military
16458383,34740,210,55214,221,88.3078,70.4408,0,1,Military
16479017,32742,1403,4485,8032,88.9009,87.2766,0,1,Military
16516177,1396,1286,1762,138,65.3213,50.594,0,0,Military
165255622,3631,3447,23402,13728,75.7374,68.4315,0,0,Military
16538546,24337,640,6193,7216,87.3404,86.4409,0,1,Military
165404712,767,1825,11558,225,70.1419,61.6312,0,0,Military
16565260,46265,1682,4335,78,89.8011,85.8412,0,0,Military
16570716,4615,3440,10544,3897,79.0772,77.7627,0,1,Military
165816067,13178,227,2779,1182,82.3842,75.5906,0,0,Military
16613128,152648,309,6263,171,96.1046,97.0122,0,1,Military
16624174,31080,485,1923,14,84.0411,78.1927,0,1,Military
16624180,128655,356,7453,125,94.9426,86.2796,0,0,Military
16630062,30105,281,2099,7,84.2518,64.1649,0,0,Military
166637975,11526,6950,30507,0,70.974,41.989,0,0,Military
16666806,41578,652,66778,97,88.703,76.1012,0,1,Military
166683513,15111,4240,67766,40,85.1442,82.6163,0,0,Military
1669014763,701,933,1136,26,59.1217,40.2858,0,0,Military
16703345,5550,3401,12409,3148,78.2053,63.2199,0,1,Military
16740346,18848,68,6355,53,82.8222,68.6328,0,0,Military
16813752,96346,3111,100710,992,94.4028,77.1898,0,1,Military
168259012,362936,173,59047,42,88.2701,68.2039,0,1,Military
168291350,9137,3430,2373,1049,80.8848,75.2865,0,1,Military
1684934965,2672,2116,3814,359,75.714,54.1943,0,0,Military
1688234448,33625,181,2146,2,86.3029,89.2537,0,1,Military
16906374,20372,5079,20884,3556,86.2911,88.89,0,1,Military
1690795904,1567,2736,6869,5588,71.9872,66.3989,0,0,Military
16922291,27937,996,23201,388,87.9237,91.8111,0,1,Military
169670184,13015,14308,731622,333800,84.3372,74.2241,0,0,Military
16986397,6381,1859,23748,119,77.3951,67.3558,0,0,Military
17001533,59205,567,72805,4403,86.5734,72.3069,0,1,Military
17006804,12122,999,22298,1391,83.8302,86.0824,0,1,Military
17036898,464174,606,95275,466,99.7649,86.4996,0,1,Military
17061263,1031010,29,2714,23,104.045,108.014,0,1,Military
17066992,27794,2155,15461,155,83.741,75.8084,0,1,Military
1711486250,2602,1390,7088,572,70.3774,63.4678,0,0,Military
17154022,6891,1472,963,228,75.1075,63.9944,0,0,Military
171574926,4277242,72,570604,4268,113.003,76.6933,0,1,Military
172390859,1112,3558,1673,124,59.5276,41.395,0,0,Military
1726835389,7231,3504,14036,2312,79.7164,70.7001,0,0,Military
172734849,8096,1121,4362,394,82.0375,88.3806,0,0,Military
17288150,47070,2808,6035,1251,88.845,78.2363,0,1,Military
17289840,724,744,1398,18,62.6553,56.9268,0,0,Military
173837128,1681,532,1962,331,64.8383,55.0397,0,0,Military
17409240,277482,49,26056,0,89.0822,75.3935,0,1,Military
174919317,1846,4948,6892,2988,63.2234,48.4019,0,0,Military
17519586,12095,124,4408,976,83.2437,74.069,0,1,Military
17654763,35177,4457,36364,4826,88.486,85.8345,0,1,Military
17659340,408458,110,90051,539,95.2521,77.5269,0,1,Military
17717287,99357,286,3802,1827,94.2375,91.457,0,1,Military
17835245,3025,417,18288,224,76.7544,72.527,0,0,Military
17839398,214285,865,50328,0,95.412,97.7899,0,1,Military
178438389,308166,3,30197,798,98.6468,73.9581,0,0,Military
17851942,1029,718,2278,176,64.4383,65.1576,0,0,Military
17871088,28241,377,10941,116,84.3487,75.3793,0,1,Military
17994556,140411,1978,31974,460,87.3672,68.8645,0,1,Military
18025377,93743,2604,90322,498,94.2821,97.6102,0,1,Military
18101845,2381,1,791,0,67.1257,32.6915,0,0,Military
18139472,3551,3853,4647,967,73.9488,67.2352,0,0,Military
18144581,53780,186,4466,734,91.0999,86.8483,0,1,Military
18147028,92021,168,70357,186,91.0789,64.4277,0,1,Military
18171703,22286,3354,13293,1002,87.103,81.4981,0,1,Military
182337272,3773,1798,1264,128,73.1779,70.3643,0,0,Military
182360370,73395,427,15521,1042,91.6009,94.1086,0,1,Military
18247597,161212,1364,53645,1817,94.6485,82.5539,0,1,Military
1832428578,1854,2912,3117,653,74.1896,74.755,0,0,Military
18372933,4425,344,2512,32,77.1083,60.0883,0,0,Military
18424289,1298947,375,96470,133,104.605,95.7793,0,1,Military
18432855,32800,2516,46753,530,88.9343,74.1977,0,0,Military
18480663,579,1299,2264,3,67.0444,58.1684,0,0,Military
18489081,715,811,1253,94,63.3674,57.4535,0,0,Military
184907623,8897,66,1801,123,76.8407,79.0186,0,0,Military
1852253695,503,792,1918,346,65.2451,64.7772,0,0,Military
185340210,51521,138,35862,111,91.1064,82.4443,0,1,Military
18544958,9121,1359,3886,329,80.9337,83.7999,0,0,Military
185558166,2053,444,48617,258,73.9292,71.2309,0,0,Military
18559380,116827,1411,15127,2,87.5482,77.7327,0,0,Military
18565846,1566,677,30202,224,71.2979,54.3514,0,0,Military
18576537,732023,92,16574,20,98.9004,97.5454,0,1,Military
1859172138,1512,1530,3921,209,69.7283,54.6355,0,0,Military
18633493,40783,74,7671,2,84.1497,77.5201,0,0,Military
1864414046,10195,190,32034,33557,80.5767,79.1739,0,0,Military
18648609,130870,1081,113887,3489,94.755,80.0523,0,1,Military
18690498,41657,366,3502,566,88.5894,79.0961,0,1,Military
18691824,199276,370,8494,29,90.0497,79.3944,0,0,Military
187054679,3753,1377,3440,977,75.2022,72.9636,0,1,Military
18706074,1533,1127,2899,158,73.1244,67.5661,0,0,Military
18706680,1717,1599,7453,354,71.551,64.2351,0,0,Military
187203578,6977,507,12313,5878,80.4093,76.5018,0,1,Military
18740765,276984,228,3819,79,96.5888,90.3647,0,1,Military
18777618,126971,1615,142465,1193,95.7725,79.2444,0,1,Military
1877831,1791492,553,182140,3641,103.427,88.8184,0,1,Military
188282409,210226,664,24075,5761,98.007,93.0219,0,1,Military
18856124,1662,1573,845,44,66.5338,50.7694,0,0,Military
188737021,4833,4055,81589,10773,79.2609,75.5043,0,0,Military
189305014,38878,1,12449,71,83.0732,86.8158,0,1,Military
18956073,105945,101,245447,10,83.4879,74.7465,0,1,Military
1896888157,1840,58,1608,27,67.0446,57.7135,0,0,Military
18978862,16946,316,7140,3215,85.6635,76.6234,0,0,Military
19003100,8252,2658,3480,5,75.5584,59.4455,0,0,Military
1900949636,18007,1208,5351,1199,82.6356,73.0789,0,0,Military
19025957,335290,44,74690,219,91.0706,69.9654,0,1,Military
19031057,174021,3250,139987,3384,97.2215,78.7389,0,1,Military
19038768,32165,4568,55922,9649,88.6928,91.1693,0,1,Military
1904242795,32792,21998,25387,40185,88.0439,81.8825,0,0,Military
19052359,69706,300,4851,3,91.5624,80.6896,0,0,Military
190524964,1357,528,15320,256,65.1026,51.9059,0,0,Military
19085773,17695,124,1375,38,79.9731,70.2785,0,0,Military
19098792,129292,3284,144416,663,90.884,70.3302,0,1,Military
1912953864,757,1209,2419,378,67.6373,56.0577,0,0,Military
191556441,819,834,844,905,61.0005,52.2357,0,0,Military
191795079,826,1756,5992,361,67.7781,56.4721,0,0,Military
191812421,26687,74,22928,1,75.2126,52.3722,0,0,Military
19181730,582,1016,4171,0,56.0965,33.6444,0,0,Military
19188830,6787,1151,1680,16,77.329,75.9266,0,0,Military
19199740,1704,739,4132,113,74.1482,70.9252,0,0,Military
1924620415,8603,1643,9786,2436,78.2683,72.0108,0,0,Military
1927809187,1541,40,1379,3,58.3937,45.0478,0,0,Military
192816753,1131412,49,2563,0,94.628,67.6093,0,1,Military
192942692,101815,21,7197,0,87.1623,74.4624,0,0,Military
193067453,852,2549,114124,1484,70.6431,58.773,0,0,Military
1931496452,640,911,638,202,61.1872,57.2517,0,0,Military
19338715,19342,2446,28925,2438,86.1481,76.9532,0,1,Military
19356980,16608,366,12969,501,84.3421,75.976,0,0,Military
194268330,20628,1041,88582,54121,86.615,82.4059,0,0,Military
19445183,39679,20540,5548,364,89.6877,78.1471,0,0,Military
19489239,329124,22944,133490,659,99.8391,88.5534,0,1,Military
1949945035,3945,697,1183,356,69.3734,69.6508,0,0,Military
195019882,1162,673,2657,11,66.4681,52.6986,0,0,Military
19527964,118514,384,79089,2906,95.3332,89.8572,0,1,Military
195717009,38825,346,2285,592,88.088,83.1542,0,0,Military
19611483,812865,496,34813,934,104.231,99.4529,0,1,Military
19630605,679,2344,9446,43,56.8586,32.7969,0,0,Military
19636948,1684806,381,143512,16,95.9367,76.5555,0,1,Military
19641868,484032,134,8726,0,89.6688,60.2732,0,0,Military
196462340,2489,333,23421,839,73.8894,76.7798,0,0,Military
19667766,89791,380,3197,1401,93.87,84.9128,0,1,Military
19668442,71771,1755,16751,780,92.8925,95.637,0,1,Military
196953248,11759,547,5166,0,76.8322,57.9977,0,0,Military
19781107,99733,217,25054,75,94.3676,84.3716,0,0,Military
19819953,893,1101,1088,382,65.5368,60.9144,0,0,Military
198381553,59558,2456,41396,17360,91.4681,88.4439,0,1,Military
199056422,2340,5001,390608,237571,73.6887,69.8638,0,0,Military
199317536,18469,211,32072,3,82.3387,68.7722,0,0,Military
1994321,2844231,444,286696,784,110.668,90.265,0,1,Military
19960512,10233,8601,3860,3659,82.4138,67.2209,0,0,Military
199822685,9504,386,4677,1642,81.9675,89.026,0,0,Military
20002004,188754,385,9794,37,84.9993,74.4071,0,0,Military
200542610,11793,728,2459,2,82.1181,70.3875,0,0,Military
20057016,5044,230,18899,0,66.85,50.8408,0,0,Military
20095109,44984,3253,13692,148,90.5484,90.6522,0,1,Military
20097362,266183,2520,218235,3923,99.5244,83.9292,0,1,Military
202344231,11049,3908,8256,749,83.5913,78.1535,0,1,Military
20238886,47759,96,3024,1435,88.4317,80.4295,0,1,Military
203002935,847,1237,15617,1212,70.6442,62.0569,0,0,Military
203090216,93106,5,1137,1,85.101,79.5088,0,0,Military
20430077,43003,86,31263,125,88.0671,76.5453,0,0,Military
20452755,55082,925,6841,2147,91.5779,88.0617,0,0,Military
20479321,96759,37675,68619,414,90.3695,79.76,0,1,Military
20510539,450625,174,191700,485,98.7061,73.9702,0,1,Military
205408543,1943,6,3641,0,62.1069,48.3544,0,0,Military
205622130,538580,22,5112,0,95.0181,93.7598,0,1,Military
20583993,866616,588,86977,115,102.491,77.5148,0,1,Military
205887871,90204,1118,26352,2610,93.8146,86.8537,0,1,Military
20593022,26275,15128,795,743,80.8989,78.1957,0,1,Military
20715638,4052,28,996255,9,68.1686,45.5238,0,0,Military
207505545,33052,933,4265,516,89.0152,78.1194,0,0,Military
20796069,437119,35442,3069,1244,100.754,97.2667,0,1,Military
208780911,696,3669,742,284,61.7502,56.9204,0,0,Military
20906660,4366,627,130456,19839,76.9635,85.4139,0,1,Military
2097571,6911012,368,125732,137,110.607,97.4637,0,1,Military
21012563,2611,171,1127,19,69.8313,69.3033,0,0,Military
21024997,151229,784,8356,183,95.1125,94.0248,0,1,Military
21100820,27191,1485,22132,2756,87.9149,80.7097,0,0,Military
21114659,604818,2188,29940,167,92.9809,79.1485,0,1,Military
211462960,981,646,1479,49,67.4791,60.0927,0,0,Military
211848704,169013,340,117033,11,96.0814,74.4844,0,1,Military
21186125,51373,21259,20408,5,90.9056,80.6493,0,1,Military
21213276,221027,1094,15228,3710,97.3746,89.1315,0,1,Military
21224756,8618,703,2514,11,78.678,62.7775,0,0,Military
212849570,32187,1311,13756,39,85.7589,82.0182,0,0,Military
21312961,103512,384,21309,327,91.9299,81.9016,0,1,Military
213924054,756,1871,6192,4633,70.0862,52.5782,0,0,Military
214185464,1445,478,2385,518,70.8118,67.5658,0,1,Military
214969430,1289,1959,21126,530,67.9427,54.2619,0,0,Military
2153404664,691,1749,13191,5760,69.5208,63.9593,0,0,Military
21575905,1782,2407,3120,2449,73.9856,73.9968,0,1,Military
21579466,48948,15269,4345,8215,90.3407,91.4685,0,1,Military
21582436,11517,10837,150076,909,81.6703,70.0515,0,0,Military
21589783,86509,802,17661,14,93.1914,80.5392,0,0,Military
21645304,262189,548,6520,367,99.2265,95.9541,0,1,Military
2171038644,565,1093,2686,728,67.4729,52.1773,0,0,Military
2177913176,12494,6147,2461,59,82.5596,80.8815,0,0,Military
2180371,66342,5,121423,1063,89.9555,83.0545,0,0,Military
218457413,567,1625,1114,686,63.0909,47.8089,0,0,Military
2187841501,550,2983,6179,26802,67.4798,60.9188,0,0,Military
2188423838,27490,12944,762597,1470,83.4689,77.3176,0,0,Military
21885474,116790,3925,58208,5973,93.6032,88.859,0,1,Military
2189899764,911,1057,2395,33,68.7442,63.0137,0,0,Military
21907951,3802,1192,7452,1986,77.7752,75.1904,0,0,Military
2191339707,606,779,73371,3,56.3019,31.1576,0,0,Military
2192520229,1514,2539,34010,6055,71.961,63.4485,0,0,Military
219495794,218344,8375,10648,11229,95.1743,72.1816,0,0,Military
21976616,7984,2443,4137,3907,81.877,79.142,0,0,Military
220412723,1390,3334,7219,1662,72.5259,68.1931,0,1,Military
2207132281,3403,37,1337,86,72.6983,64.3997,0,0,Military
2207788292,450370,1322,61088,652,101.763,104.948,0,0,Military
2212772029,1296,750,52350,60174,72.8608,69.7459,0,0,Military
221277556,22511,11,8747,4,85.3584,78.3838,0,0,Military
22129280,165168,495,19499,1424,96.6167,106.931,0,1,Military
22138134,38448,1512,13963,4542,89.8279,92.9904,0,1,Military
2216405453,4883,204,1186,148,74.3066,80.1009,0,0,Military
22189352,20023,632,4274,127,81.5933,74.9423,0,0,Military
222293739,5434,206,2031,2214,77.5845,79.1199,0,1,Military
22267198,15279,1971,6850,436,85.0765,84.4354,0,1,Military
2230485692,5519,5174,644,94,71.8263,57.0276,0,0,Military
2231905548,262429,6,65496,0,88.0259,75.0204,0,1,Military
2242674534,47744,158,14515,5336,90.6415,84.1107,0,0,Military
22435389,7584,69,1940,190,71.9737,67.1514,0,0,Military
224372609,67332,396,117447,94,82.591,63.0677,0,1,Military
22441326,931,755,1830,291,68.0299,66.5741,0,0,Military
2248872301,366697,116,1562,4,97.4272,91.6094,0,1,Military
22563305,4739,112,1596,0,68.826,48.0225,0,0,Military
2256610005,3477,775,4749,4795,77.3454,75.7013,0,0,Military
22587869,159454,2519,18576,6373,96.8791,90.9387,0,1,Military
22589868,2174,2660,1087,263,69.2212,65.5065,0,0,Military
2259866124,93882,191,1335,1,83.7863,64.9203,0,0,Military
22609987,970,2036,4524,33,62.7959,50.5151,0,0,Military
22651121,23465,755,14851,6648,86.555,82.3998,0,1,Military
226541132,63734,1266,7972,7869,92.3012,87.7106,0,1,Military
2266577731,48927,876,240961,667,87.4063,71.5394,0,0,Military
226951255,197472,84,99155,160,90.7415,67.1316,0,1,Military
22760252,39036,1072,8258,4860,89.6479,87.1292,0,1,Military
2277635130,2275,1838,75058,0,62.8823,34.7553,0,0,Military
22826294,48663,457,7702,614,89.4058,86.8018,0,0,Military
2283051170,748,12,5751,0,57.3083,37.6167,0,0,Military
2288570946,19268,4763,3657,4200,85.7886,76.6494,0,0,Military
229119882,5846,825,5266,7770,80.2767,72.8237,0,0,Military
229314884,1976,1726,6193,1211,74.5749,76.3496,0,0,Military
22932788,42060,334,38679,1185,86.7321,70.3086,0,1,Military
22948692,332686,1781,98046,4101,100.093,85.4442,0,1,Military
22970277,18977,2022,9069,35,84.2538,70.7261,0,0,Military
229796357,2104,1679,8391,3534,75.2302,72.8896,0,0,Military
23047519,5430,533,13441,2544,78.0291,83.8828,0,0,Military
230611433,8089,394,22479,4416,77.9009,68.084,0,0,Military
2308310120,5505,5739,868,58,67.7367,33.8514,0,0,Military
231022187,1420,1870,5496,266,66.3115,46.3626,0,0,Military
23174011,93803,372,37637,3,86.9999,67.7158,0,0,Military
2322997837,548,849,5792,49,63.8743,54.5459,0,0,Military
232562228,309099,1509,26844,854,100.244,87.9377,0,1,Military
2327528814,771,1529,2379,137,66.2592,59.3309,0,0,Military
2329127093,49973,54,543,213,80.5831,59.0234,0,0,Military
2335764169,64419,175,2948,1368,91.3917,93.2954,0,1,Military
2341020134,130594,804,5799,249,95.2677,99.8891,0,1,Military
23517712,84485,1565,132608,1751,93.7099,73.2444,0,1,Military
2352184788,1834,658,7862,83,74.5011,72.9196,0,0,Military
235619639,533,1562,1369,187,63.6045,58.9,0,0,Military
23567222,695,455,4255,113,69.5571,67.638,0,0,Military
23572083,26847,1109,20034,2983,86.2354,79.0953,0,1,Military
235822567,1714,2460,634543,979,72.7625,66.3087,0,0,Military
2359926157,1951345,31,2910,81,107.041,112.5,0,1,Military
2360077580,38186,33539,1673,2,72.4207,46.1249,0,0,Military
2364627817,5751,1310,1951,585,77.542,75.4845,0,1,Military
236466533,1032614,373,523272,218,104.611,85.1392,0,0,Military
236810461,1161,431,719,12,55.0272,26.0315,0,0,Military
2374466929,16425,1396,26987,664,82.7815,77.5004,0,0,Military
2380259108,38506,165,64765,339,81.6286,69.9486,0,1,Military
2383597357,19285,258,53251,316,85.8084,69.3445,0,0,Military
2386960260,5689,1392,2259,985,78.3468,71.5379,0,0,Military
2389973804,7434,2299,628,24,73.2402,75.361,0,0,Military
23922797,469916,345,99403,296,99.1328,81.2129,0,1,Military
240148595,763,675,1405,157,60.4514,43.8109,0,0,Military
2407166236,898,3161,989,12955,64.8769,49.7969,0,0,Military
240760882,2866297,749,7675,1696,111.217,96.8243,0,1,Military
2409176246,2579,10,7697,0,63.4933,45.3401,0,0,Military
24112747,155528,2468,18611,2757,96.827,99.8035,0,1,Military
241235374,3633,749,2110,185,75.763,68.4521,0,0,Military
2423747006,1177536,23,9612,2,99.2467,97.2439,0,1,Military
2424515076,10147,3572,9048,485,83.0001,79.1965,0,1,Military
24252468,50919,355,4315,1682,91.1602,88.387,0,1,Military
24252924,160815,105,2579,204,95.0282,83.1389,0,1,Military
242793870,12439,1383,53765,627,82.1142,74.7693,0,1,Military
243149588,10499,924,2904,38,82.6739,82.3541,0,1,Military
2435596224,28502,1320,2032,5,85.9825,87.3441,0,1,Military
2438735631,1838,2444,1604,11647,71.0156,64.4444,0,0,Military
244305927,4501,4984,16680,3993,77.145,67.5806,0,0,Military
244452760,359373,6864,5711,4998,100.346,101.61,0,1,Military
24483162,761,791,687,790,62.4763,60.7723,0,0,Military
24506246,296586,1431,197235,206,94.9724,81.3531,0,1,Military
245384322,663,2016,915,49,60.7601,55.347,0,0,Military
2457283561,866,2508,1909,26,68.2308,60.177,0,0,Military
246089288,19111,4099,3968,26,76.5439,69.2224,0,0,Military
2473130839,813,524,3379,784,70.4606,61.681,0,0,Military
247495419,16286,1740,48914,17729,85.3161,82.296,0,0,Military
2475038322,747,4227,1723,1,56.8288,32.3629,0,0,Military
24795283,117150,341,4324,207,92.2716,80.7602,0,1,Military
247963674,220902,508,31411,3906,97.6957,83.1437,0,1,Military
248001658,20641,2431,2249,329,84.4807,70.2562,0,0,Military
248226790,10070,712,1040,6909,77.23,89.2907,0,0,Military
2482334538,643,888,903,38,62.0661,52.6279,0,0,Military
24823520,7913,464,5743,2578,81.5652,70.3996,0,0,Military
2483687299,515,1234,1384,193,63.9152,60.8583,0,0,Military
24842995,3411,5001,501348,46656,77.4634,62.6764,0,0,Military
24866150,3152,1626,1882,30,74.3783,73.0131,0,0,Military
248670810,53751,6779,76430,0,89.8903,89.9983,0,0,Military
249022032,520714,322,122599,6,100.581,87.5564,0,1,Military
24928809,157661,2357,114235,420,96.4958,84.4665,0,1,Military
249913746,4701,5402,39345,157,77.752,62.0343,0,0,Military
249962732,830,2006,1321,18,62.1971,49.3795,0,0,Military
250004445,1067,542,2796,108,70.7612,69.6966,0,0,Military
2502895924,49276,23456,194204,123356,86.1875,83.6815,0,0,Military
250546004,844,4682,782,3308,63.3311,55.3644,0,0,Military
250761116,9254,1461,207045,1,69.8829,43.1671,0,0,Military
25116303,37983,5553,40704,75,83.2261,68.5396,0,0,Military
25159286,255162,1343,7401,405,97.3749,97.5817,0,1,Military
2515937066,1267,805,1518,509,68.3107,59.3567,0,0,Military
2518321,113162,22096,41856,95,95.0596,78.2646,0,1,Military
251892709,430728,711,16450,1938,100.656,90.9785,0,1,Military
252194895,8902,335,7367,337,81.7635,76.424,0,1,Military
2527045416,1721,998,3387,839,73.2923,69.1431,0,0,Military
252764352,10787,2838,14120,10149,83.4709,86.6166,0,1,Military
253123400,16703,1317,6001,4289,85.3503,72.2825,0,0,Military
253188433,516,1050,2190,201,66.2197,55.8078,0,0,Military
25333609,195247,774,12393,2546,97.7167,102.23,0,1,Military
253473203,159060,1302,19443,72,85.4889,70.5065,0,1,Military
2535060096,5990,77,865,4,73.7512,73.6913,0,0,Military
253536139,4586,985,13926,451,78.4438,78.8377,0,1,Military
25373595,15230,14514,7617,101,84.5229,68.0906,0,0,Military
253743316,7130,5487,6397,60,80.343,74.9933,0,0,Military
254148157,37506,2110,10275,710,89.5877,83.407,0,1,Military
254446382,88158,443,43235,878,93.773,89.5402,0,1,Military
254507476,3267,5001,96044,191935,77.4948,70.3451,0,0,Military
254777933,295138,2104,10192,13447,99.5057,106.154,0,1,Military
25532738,839,1395,15182,2820,70.3643,73.2044,0,0,Military
25544245,2346,414,984,48,67.736,55.1583,0,0,Military
2561597334,104315,487,19332,281,89.8212,80.1894,0,1,Military
256563406,7376,7923,1927,549,78.3344,67.5811,0,0,Military
2566535282,247611,1427,54733,8600,95.1857,94.6617,0,0,Military
257916594,848,1447,11487,790,70.3294,75.5129,0,0,Military
2579815830,2091,420,13808,36,73.5676,71.7141,0,1,Military
258242078,584,489,3360,172,67.3581,66.2469,0,0,Military
2584797956,5275,261,4791,1879,79.369,82.5842,0,0,Military
2587091521,2325,4996,4273,847,62.9751,37.5329,0,0,Military
25895250,552,58,50510,8658,63.026,51.7815,0,0,Military
2590658359,10105,984,2088,188,80.2945,71.7042,0,1,Military
2592127603,1667,67,598,20,63.6671,54.2011,0,0,Military
25930421,54168,45,3414,216,90.7505,86.4185,0,1,Military
259380357,616,1307,2438,528,67.6499,62.7213,0,0,Military
2596362138,140921,16,29050,51,83.5381,66.0594,0,0,Military
2596578505,11280,227,4629,171,83.216,82.7068,0,1,Military
25971804,39271,159,5165,61,89.8613,85.2092,0,0,Military
260397290,4661,533,1222,14,74.1773,60.0786,0,0,Military
260401752,4572,246,1259,21,74.4225,61.9842,0,0,Military
260813887,6227,996,21497,2950,79.9437,71.2954,0,0,Military
26138065,16932,2383,10677,19665,85.5607,84.1285,0,0,Military
26278266,82882,139,2196,12,91.5693,88.5652,0,1,Military
262791317,828,904,4569,507,70.0155,66.0219,0,0,Military
263081131,625,250,7207,10,61.9715,45.7182,0,0,Military
263238903,966,75,547,21,62.3558,47.9317,0,0,Military
264451848,23366,791,9241,184,85.6223,83.8968,0,1,Military
2649077011,1460,706,1080,987,67.8861,73.0034,0,0,Military
26572460,36181,773,6778,1327,89.4235,83.1524,0,1,Military
2657456557,22080,7531,2006,18041,82.2602,75.5579,0,0,Military
26575734,587,925,918,74,59.2402,50.1051,0,0,Military
2657637493,2411,2066,1780,2394,71.2421,60.2606,0,0,Military
26632935,4471,2382,15486,1655,78.8823,75.1027,0,1,Military
26734716,28623,1872,6248,25,87.7783,86.8658,0,1,Military
2674866582,572,276,509,928,59.4939,54.8616,0,0,Military
267720201,2593,998,9445,66,76.2158,74.8561,0,0,Military
26792275,946881,489,68549,129,105.671,93.114,0,1,Military
26834339,24791,474,14637,579,87.5912,89.1938,0,1,Military
26838951,1095,1192,78425,4,60.6139,55.6891,0,0,Military
268393696,2205,1569,33439,57,70.5202,60.2287,0,0,Military
268468801,11997,246,6270,437,83.653,80.9633,0,0,Military
26860209,62709,1855,54756,39,79.46,60.308,0,0,Military
2687773795,1167,720,32488,3137,70.7565,68.716,0,0,Military
268977526,8134,1364,20436,1773,81.0832,83.3115,0,1,Military
26905651,721,1873,549,4,58.9061,42.7724,0,0,Military
269084357,10215,10244,22991,1436,80.1207,66.1065,0,0,Military
2691129416,1329,4987,2721,1293,71.6536,67.7824,0,0,Military
27027979,163581,735,41538,927,96.611,86.9803,0,1,Military
2703702428,23667,1440,4933,18,74.6196,67.0138,0,0,Military
27048645,84658,1789,27139,14827,93.7531,84.9389,0,1,Military
270865647,3805,2572,5459,1657,78.1614,74.4666,0,0,Military
27114180,87777,199,34737,42,93.7257,83.7963,0,1,Military
2713357760,5033,1042,1828,232,76.3632,80.0184,0,0,Military
27217818,1206,892,17136,302,72.2761,68.5413,0,0,Military
2727178788,1089,2301,18481,21637,70.7779,64.5898,0,0,Military
27302238,2173,1504,10023,3195,69.861,62.1577,0,0,Military
2733767939,7077,6,1704,10,74.05,78.9367,0,1,Military
27340920,569,1870,1221,31,53.0529,29.5335,0,0,Military
273413167,3059,2714,46493,0,64.3632,47.9708,0,0,Military
2738798022,730,825,26036,995,67.4695,60.8145,0,0,Military
27485335,75494,83047,71903,7593,88.4697,80.5586,0,0,Military
2752758956,680,377,4157,3910,65.9234,55.6814,0,0,Military
2756720878,147910,216,6183,875,94.6069,97.2237,0,0,Military
27571535,17885,843,3917,399,85.9622,90.1783,0,1,Military
277162486,881,8,3879,0,58.1396,42.2406,0,0,Military
277237309,5643,304,3472,91,76.6486,69.6542,0,0,Military
277451460,568,7,620,1,54.2129,35.8231,0,0,Military
27745484,129553,1774,48328,425,95.7483,79.1775,0,1,Military
2775290712,2216,1237,2266,206,72.1283,73.7085,0,0,Military
278086728,716,426,1938,427,67.1689,59.7557,0,1,Military
2784660628,2767,184,2924,129,75.9981,81.869,0,0,Military
27860702,47198,935,9136,254,90.6612,87.1673,0,1,Military
2786183771,3774,3112,2127,36,75.6522,64.5349,0,0,Military
27866537,5734,5638,6285,1501,75.9603,66.8704,0,0,Military
27881646,4262,58,783,77,69.4123,54.016,0,0,Military
2790728546,4569,742,6976,3990,76.1948,68.4106,0,1,Military
27938809,24839,1411,6680,137,87.1164,92.8375,0,1,Military
2797701,232808,5527,88743,214,86.0063,65.0681,0,0,Military
2799568708,4815,5006,1404,431,74.8815,69.9015,0,0,Military
280822613,20426,316,12479,1216,86.6193,83.7926,0,0,Military
280946235,348462,1005,14669,79,100.611,96.514,0,1,Military
2812622389,1717,4991,4510,2289,73.1266,67.9381,0,0,Military
28152330,122151,7214,112840,589,95.5504,81.1652,0,1,Military
2815610751,6001,643,2453,193,78.8,80.804,0,1,Military
2823876614,782,1630,9211,94,68.4785,62.4319,0,0,Military
282692300,2544,326,2507,55,74.8266,66.1275,0,0,Military
282763379,827,31,701,7,61.4623,50.5337,0,0,Military
2830022739,2663,972,78340,0,63.6581,43.6574,0,0,Military
2837537823,533,130,1044,350,59.2048,59.2789,0,0,Military
28390516,93499,279,66077,259,93.8958,81.4691,0,1,Military
2847881972,553,495,23234,238,68.2378,62.9678,0,0,Military
2848612525,1609,4593,967,85,67.7573,64.3506,0,0,Military
2848841210,18507,25,5589,1913,86.0308,87.2945,0,0,Military
285556609,620,618,1834,33,65.6567,61.8534,0,0,Military
28576135,217253,247,3967,44,98.4979,98.2953,0,1,Military
2859440350,20424,1901,1639,627,81.965,69.8071,0,0,Military
2860575411,2703,2296,5397,1187,75.9224,71.4165,0,0,Military
286345557,2212,467,8149,10,69.3773,60.2064,0,0,Military
2863815036,1815,1965,22191,20881,73.6693,65.1761,0,0,Military
286495337,4390,1281,70680,0,66.1958,38.8531,0,0,Military
28684404,340433,12,108579,64,93.5615,76.8808,0,1,Military
2872938749,3671,405,3144,1541,76.1256,74.4179,0,0,Military
2875187319,10934,1369,1105,3379,76.6816,72.18,0,0,Military
2875686930,3842,444,10991,1170,78.094,73.7133,0,0,Military
287725645,2448,446,12627,975,75.7464,75.5329,0,0,Military
28785486,11051247,746,174379,458,115.013,107.236,0,1,Military
2884771,3329914,73,112311,2909,107.759,91.6361,0,1,Military
2886835774,720,1787,12530,4068,67.3869,60.9745,0,0,Military
2891786135,9385,469,13153,1535,80.7411,82.731,0,0,Military
2904195838,288005,137,4049,346,97.4161,107.095,0,0,Military
2909866121,883,325,5947,6405,70.8419,71.1082,0,0,Military
2912811420,615,1570,635,0,60.6726,48.0101,0,0,Military
29171727,5683,3185,76592,2694,80.1527,69.7912,0,0,Military
29242390,22755,1717,7022,656,87.0798,85.6607,0,0,Military
292615553,51604,193,2277,346,89.145,97.225,0,0,Military
2927819278,24720,899,70397,21262,87.1475,82.5363,0,0,Military
2929498157,3727,1389,4643,1747,77.4413,77.7772,0,1,Military
293403781,13864,1726,4473,375,84.3899,78.9107,0,0,Military
2935423809,19531,156,3745,346,86.1446,88.0861,0,0,Military
293942732,4349,254,3149,71,78.1865,74.9415,0,1,Military
29507306,7589,6565,172452,2543,74.2895,55.8835,0,0,Military
2963632894,898,1106,3218,320,69.9376,64.5307,0,0,Military
297399968,1063,299,1413,86,67.6592,74.0202,0,0,Military
297609800,3890,135,4218,505,76.8285,71.14,0,0,Military
298128499,1053,163,803,250,63.9761,58.8137,0,1,Military
2986608941,727,342,2844,2443,69.2659,68.5443,0,0,Military
29899648,11613,12086,13565,304,82.2443,72.2637,0,0,Military
2995383470,6182,2996,32767,1483,80.5409,79.0813,0,0,Military
3004163369,13767,1,3397,10,80.0709,81.0034,0,0,Military
3015673391,705,220,1368,528,62.5201,59.2195,0,0,Military
3025266412,6600,434,3605,7625,80.7543,76.2946,0,1,Military
3029275872,1892,288,2917,136,73.1916,63.0232,0,0,Military
3030332133,985,490,9560,8910,69.5597,70.4302,0,0,Military
3032074628,51689,11,102329,8521,85.9522,68.6051,0,1,Military
303862998,3708922,5316,51667,1006,105.723,92.4094,0,1,Military
3040732982,7318,58,7851,3425,79.4018,83.3447,0,1,Military
304471237,2146,439,2873,310,73.5746,65.7562,0,0,Military
304495069,18996,0,8599,0,73.5028,53.9293,0,0,Military
30527493,19361,19411,31921,45,84.5512,60.8532,0,0,Military
30550346,21833,710,6936,396,86.9138,86.9104,0,0,Military
3055107774,1224,1479,727,21,55.3244,32.2936,0,0,Military
305924988,4873,5350,7852,2465,79.2381,63.9718,0,0,Military
3063699671,1978,880,12069,80913,73.9331,68.1923,0,0,Military
3064677243,16728,88,4836,190,79.4091,79.8656,0,0,Military
3069275310,85268,426,1760,769,90.4578,89.5066,0,1,Military
30699754,183688,3664,25310,24490,97.6559,102.757,0,1,Military
3071162052,60465,30,15756,1,83.4245,74.6972,0,1,Military
3079401397,10657,11631,1593,15,76.1028,76.5334,0,0,Military
308029684,507,1964,90903,2887,55.4015,34.1029,0,0,Military
30823468,135346,36764,337671,14,83.3113,63.4106,0,0,Military
308434968,44074,1,1710,6,80.9098,65.8295,0,0,Military
30878232,233939,15,70186,1,86.0427,67.0759,0,0,Military
30908214,1777,1126,5123,36,73.4962,71.3726,0,0,Military
309121889,1709,413,6706,166,74.1994,73.9257,0,0,Military
310729974,826,983,1635,95,66.5072,51.03,0,0,Military
3108134359,2313,3865,21893,573,63.8095,60.6016,0,0,Military
31114386,95204,2799,49453,1287,94.3149,90.6461,0,0,Military
31127446,296933,1848,114500,14,93.9611,92.2941,0,1,Military
311877745,4747,3554,1249,965,74.2248,69.7803,0,0,Military
31203459,2031,949,1429,268,70.287,70.0273,0,1,Military
3123883238,25649,2,11000,3,84.5747,80.94,0,0,Military
312610816,1677,2079,4438,57,74.0741,69.9738,0,0,Military
31310158,367454,594,20398,441,99.3923,100.963,0,1,Military
314616452,38625,180,4060,1135,89.7072,81.1423,0,1,Military
314690118,137483,638,6528,91,95.7849,84.7812,0,1,Military
315963960,143747,78,2012,2,86.79,78.3816,0,0,Military
3166623503,21939,19072,107636,155504,86.219,86.3142,0,0,Military
316712331,1614,1919,15571,5366,73.6969,61.5618,0,0,Military
3170789214,1687,543,13141,2607,72.3305,73.4095,0,0,Military
31753813,7259,634,3372,112,80.1044,77.4195,0,0,Military
3177475255,467400,4,3339,14,93.6752,80.4836,0,1,Military
318336444,794,4998,4219,336,61.5196,46.4744,0,0,Military
319109462,11101,8745,675,272,75.2764,74.0439,0,1,Military
3194592704,9227,44,628,318,74.4891,78.5687,0,1,Military
3203731,195837,1685,48795,149,89.294,78.5033,0,0,Military
3210928653,862,4128,1421,612,66.49,55.6861,0,0,Military
321358691,47716,335,9227,252,88.6786,85.0712,0,1,Military
3219289611,2038,83,10647,59,75.1056,68.1319,0,0,Military
32274411,24545,24116,92998,12538,86.1518,73.8547,0,0,Military
322806715,652,2345,12953,2,56.6215,25.2953,0,0,Military
3234798251,3210,551,913,846,70.0724,65.9571,0,0,Military
3237818318,1057,1281,11176,581,68.6345,55.8189,0,0,Military
3252386060,4581,701,1280,782,74.1285,75.8418,0,1,Military
325373034,983,616,1095,21,63.18,47.4388,0,0,Military
325820892,2413,987,2858,304,75.3588,80.9809,0,1,Military
3260979895,503,939,22866,13591,68.0782,62.8704,0,0,Military
3265610168,1250,911,704,1615,64.3372,54.1573,0,0,Military
32772630,43436,32581,78400,629,89.282,84.2241,0,1,Military
32858804,153980,694,17779,324,95.9917,94.49,0,1,Military
328894456,247552,255,4057,1021,99.145,88.8736,0,1,Military
3289800119,382360,0,9940,0,88.488,73.91,0,1,Military
329141413,18912,18464,207254,65307,85.8466,79.4972,0,0,Military
3293406121,90915,212,2033,10976,90.2674,103.466,0,0,Military
329653434,1458,4398,2394,358,71.7783,58.2423,0,0,Military
329963644,3874,4979,8446,10,74.7265,60.1562,0,0,Military
3300575992,29453,13,10696,2,86.123,90.2257,0,0,Military
330832162,704826,1,5165,14,102.951,97.8534,0,1,Military
3308598001,4912,336,1703,1114,70.9617,78.7104,0,0,Military
331060519,4766,24,2159,80,76.937,73.3833,0,1,Military
3311711174,732,165,6649,21830,67.2262,68.3656,0,0,Military
33142966,104208,557,122812,488,94.6474,77.051,0,1,Military
3315182226,28613,474,516,536,79.0265,80.4391,0,1,Military
33160126,28135,325,11149,155,75.462,51.6702,0,0,Military
33400255,187900,155,32122,563,90.8284,84.5578,0,1,Military
334739729,145800,35109,57955,810,89.3534,75.3402,0,0,Military
33485597,91983,1827,37889,3009,93.618,79.7403,0,0,Military
33519870,49378,1837,32123,103676,90.8056,99.9308,0,1,Military
3352507107,189349,158,10094,11122,97.6578,102.895,0,0,Military
335455570,214702,170,139103,9,93.7714,82.6647,0,1,Military
335538600,33840,3855,18880,687,87.8715,76.9639,0,1,Military
33584794,213567,31,8335,0,85.5722,62.1835,0,1,Military
335996055,100774,710,3778,81,94.3345,91.6884,0,1,Military
33660256,4866,2536,4207,29,78.2534,70.5872,0,1,Military
337298642,635,655,8985,4366,69.2378,60.7194,0,0,Military
3373682789,21837,193,1234,365,82.1648,80.9256,0,0,Military
3377848617,36345,4,5988,3135,89.1707,88.9312,0,0,Military
33957999,7023,4223,125699,7484,80.9608,68.5628,0,0,Military
33960482,75945,12391,80152,7886,92.8242,85.6782,0,1,Military
3401363555,564,1257,1450,1918,63.6422,67.7367,0,0,Military
341003033,3366,1680,3137,4879,77.4779,77.0413,0,0,Military
34255350,12330,179,41476,5,71.3521,52.4267,0,0,Military
34262462,192243,282,191363,18,87.2826,81.966,0,1,Military
34312259,19617,1899,6665,1396,86.2148,84.5451,0,1,Military
343585337,1413,943,3166,1015,73.193,71.0794,0,0,Military
343626166,1100,4992,5240,190,65.1939,48.6773,0,0,Military
34490750,19554,10487,16293,243,81.3626,72.0362,0,0,Military
34572337,528,1553,6084,3340,67.9609,61.1811,0,0,Military
34609255,9511,3714,3460,13,82.4867,74.6144,0,0,Military
346536909,1358,2069,22341,357,63.0663,43.8447,0,0,Military
34855178,101079,791,3076,931,94.2536,82.1553,0,0,Military
349108460,6998,7479,1648,0,75.3844,49.2702,0,0,Military
350028840,14846,119,687,0,69.8176,55.1559,0,0,Military
352526610,12474,2245,9160,3861,83.6763,76.7535,0,0,Military
353263514,2673,440,794,323,68.9601,70.9635,0,0,Military
353312957,521,1667,3975,8,55.5114,32.2661,0,0,Military
35435904,2888,2587,16309,2996,76.6329,68.4524,0,0,Military
3556612457,1399,382,9221,3919,73.1504,75.7923,0,0,Military
3561249436,1727,889,2443,122,69.342,69.5761,0,0,Military
356564347,5017,4974,4116,2,69.0585,51.0451,0,0,Military
35769315,10655,4924,14617,671,77.2521,75.1063,0,1,Military
359758703,538830,108,54072,259,99.7879,94.9293,0,0,Military
359788259,1147,2219,70171,570,69.3575,60.6599,0,0,Military
360725153,1254,637,3012,427,71.9409,72.8569,0,0,Military
360742464,1282,4136,19324,5391,70.3876,57.6209,0,0,Military
363464511,1515,2315,5817,768,70.6103,51.1812,0,0,Military
36354551,1948,706,7453,1796,74.5179,78.4982,0,1,Military
365872320,574,1593,8239,2055,61.8734,49.6437,0,0,Military
36637698,623367,13,69681,25,90.9403,62.7309,0,1,Military
366588610,38406,721,4546,227,88.5173,88.3162,0,0,Military
36681590,145889,1011,15379,5523,96.4298,85.653,0,1,Military
36729304,4804,1312,1618,547,74.8065,67.902,0,0,Military
368992130,46548,286,1101,130,85.1921,80.3394,0,1,Military
370097200,2642,1456,10303,3234,76.2449,66.4509,0,0,Military
37267983,55533,2046,41284,257,90.0757,80.8266,0,1,Military
372778138,1025,1139,96678,0,58.9254,31.2695,0,0,Military
37303498,46498,3328,44078,18702,90.5378,95.1122,0,1,Military
373409910,13636,3492,28567,579,84.2992,67.7373,0,0,Military
37397428,14578,4138,7490,1552,84.3809,81.8542,0,1,Military
37436266,1860,1519,13933,1939,72.7644,66.0695,0,0,Military
37502019,24861,1681,160311,195,82.219,70.8487,0,0,Military
37526845,3096,780,3944,513,76.4556,75.9299,0,1,Military
375721095,219272,2,66056,3,94.8895,101.794,0,1,Military
37710839,2153,185,3058,25,72.4316,68.1272,0,1,Military
37735734,4452,3213,7178,4821,78.948,79.8615,0,1,Military
37874853,928090,122,260327,36,105.653,88.8931,0,1,Military
379331236,7875,941,3992,959,81.7929,84.2092,0,1,Military
37940492,307658,1110,12674,1811,96.1474,89.0684,0,0,Military
380312956,1436,708,8540,1944,72.7521,73.3305,0,0,Military
380648579,1184520,554,129549,183,104.334,95.3837,0,1,Military
381772290,11637,300,1863,1540,80.7468,76.7603,0,1,Military
38224970,16619,2459,23087,998,85.3895,81.2445,0,1,Military
383065862,1434,1593,7581,719,72.6984,61.6628,0,0,Military
383733061,303060,164,2101,233,96.2154,92.0591,0,1,Military
38532589,11532,618,17555,869,81.4382,66.259,0,1,Military
386425059,5412,3492,93140,20070,78.0268,72.2714,0,0,Military
386466460,740,1969,2374,27,67.4482,54.5849,0,0,Military
386862741,5486,85,7395,0,67.2765,55.626,0,0,Military
38823542,5055,1914,8740,1910,79.4051,81.7987,0,0,Military
388633760,4408,665,631,290,70.8332,70.5907,0,0,Military
388768139,2155,979,16003,13811,73.9902,71.3206,0,0,Military
390452095,1627,401,9791,1153,72.139,73.4692,0,0,Military
3906145039,1634,1393,1618,842,69.2273,59.4539,0,0,Military
39127414,522,596,694,2,60.1284,57.1964,0,0,Military
391507968,1528,1438,15511,4562,71.609,57.8792,0,0,Military
39311859,125126,800,144495,106,91.2435,70.9546,0,1,Military
39326006,17324,966,12653,5399,85.8052,77.6327,0,1,Military
39364875,7232,319,783,3,64.4253,43.7238,0,0,Military
39453212,5199492,827,500956,16019,112.807,91.5346,0,1,Military
394724636,585,4534,3779,3148,68.879,63.6319,0,0,Military
394821774,694,2079,1546,251,65.5389,56.2883,0,0,Military
39658286,4670,325,1274,4,72.2243,61.8341,0,0,Military
396749463,9932,245,1431,259,78.8724,68.9327,0,0,Military
397046048,558,1491,5837,4,55.878,26.2296,0,0,Military
397415540,11760,4812,9573,1100,83.0198,81.566,0,1,Military
397578720,2051,729,2415,326,71.8238,66.4594,0,0,Military
39889387,11238,12381,100803,71341,83.2584,76.8053,0,0,Military
39905464,945,226,2584,95,66.7853,67.401,0,0,Military
39922594,118846,938,61160,389,94.6641,81.0745,0,1,Military
39927901,1699588,707,2149,1,94.6412,79.2411,0,1,Military
39986021,108535,1147,18343,1423,94.4581,87.3354,0,1,Military
40016922,9310,5562,2531,36,81.0206,69.9274,0,0,Military
4002112583,638,2356,3306,196,67.3778,61.6919,0,0,Military
4005375497,59809,59925,10599,8524,91.9733,79.4439,0,0,Military
402057422,4761,466,43071,4058,79.2114,71.0856,0,0,Military
402155622,8185,1420,6140,3,81.9553,80.705,0,1,Military
402806789,36153,2591,10226,100,89.0199,82.326,0,1,Military
405030469,2151834,6,4868,64,109.608,94.2903,0,0,Military
40623450,33446,7201,1123,623,83.597,74.9933,0,1,Military
406577691,12796,1553,9769,8195,83.824,87.156,0,1,Military
4068124781,10421,8934,1415,59,71.5981,54.8453,0,0,Military
4098436339,1234,91,42135,19,63.0602,39.4349,0,0,Military
410718052,269874,12,26949,66,93.4964,78.6225,0,1,Military
41085467,610588,20,153158,23,102.336,83.9742,0,1,Military
4118109814,1386,4976,2202,3,65.4206,47.523,0,0,Military
41228046,1593,4990,219516,1010,71.5285,48.4774,0,0,Military
41315870,258632,110,55062,5,92.3844,83.8668,0,0,Military
413756746,274297,1,10084,1,94.6269,87.6426,0,1,Military
414117217,683,409,6174,5,56.8684,38.8127,0,0,Military
41529689,10816,649,11806,130,80.9636,73.719,0,0,Military
41530959,790,427,3493,7,65.0527,54.488,0,0,Military
415347938,1116,332,821,16,61.4982,41.8382,0,0,Military
4160593342,619,3633,819,6707,52.2765,36.3472,0,0,Military
41628280,27052,1318,16575,25748,83.9954,83.6693,0,0,Military
41672706,1326,401,3080,379,71.5614,67.3388,0,1,Military
417644091,798,26,776,1096,59.093,52.116,0,0,Military
4179520817,1452,1046,1895,22,63.4312,49.7781,0,0,Military
41795342,145284,513,22062,2041,95.8847,93.2076,0,1,Military
418301865,597,825,698,22,60.2587,50.076,0,0,Military
4183586843,9256,0,97602,504,69.8803,32.2089,0,0,Military
41964836,32735,1592,32749,2999,88.3123,85.2236,0,1,Military
4197421050,2734,5000,991,73,66.982,56.2082,0,0,Military
4216760609,84846,366,3472,241,93.4181,87.3423,0,1,Military
42185611,2186,2257,13045,2460,71.9632,61.4085,0,0,Military
422449711,35556,12227,36162,993,78.0224,43.7432,0,0,Military
42278126,27949,691,8775,865,88.2299,80.7965,0,1,Military
42402455,1324,1293,17115,1091,70.883,64.2124,0,0,Military
4265721,1170877,12320,119556,5116,106.791,99.3911,0,1,Military
4276599827,601,666,690,146,57.7896,60.6285,0,0,Military
428019591,822,990,1093,422,65.183,61.1462,0,0,Military
428140124,46361,717,84494,9181,89.6436,92.7749,0,1,Military
428333,51544485,121,56832,18,125.804,114.085,0,1,Military
42853269,19049,1246,15647,690,86.1183,75.7682,0,1,Military
4289665817,1074,663,4030,145,66.2059,51.2264,0,0,Military
43099276,3530,997,3211,693,77.8053,77.76,0,0,Military
4317380773,1055,3176,4325,106,67.7388,52.6627,0,0,Military
432557320,171746,590,137498,347,96.6942,85.8441,0,1,Military
433045141,526,1302,2486,2,65.6147,57.146,0,0,Military
435094988,520115,501586,18940,17,90.0692,57.5828,0,0,Military
43891070,792,865,10269,12,61.9938,36.284,0,0,Military
439804287,15306,992,13930,3544,85.1092,86.1488,0,1,Military
442922429,154069,4301,8275,4921,95.6817,84.6665,0,0,Military
44302863,448446,0,4800,5,90.691,74.9019,0,0,Military
444005591,1893,1537,17363,9028,73.1696,61.3417,0,0,Military
44584428,208257,645,45431,298,96.9366,74.3444,0,1,Military
44961317,97317,152,13400,6673,93.5611,88.7237,0,1,Military
450931052,1913,4808,4256,5122,72.6178,65.9214,0,0,Military
451343742,5537,4273,3506,492,78.5978,74.1349,0,0,Military
45211165,32252,720,3280,1725,87.5987,84.2243,0,1,Military
452945048,2977,2377,11228,1011,76.9686,74.0269,0,0,Military
454938408,49199,48205,2467,34,77.4517,49.4638,0,0,Military
45831076,1143,32,4960,165,68.1658,58.0869,0,0,Military
45998738,1091,2656,10217,565,71.8646,65.8236,0,0,Military
46003622,311674,753,11513,1388,100.102,93.2259,0,1,Military
46131997,69053,45,615,4,77.7409,71.3358,0,1,Military
461359076,34806,142,1147,12,83.9994,77.8718,0,1,Military
4620433835,1187,1633,1528,913,67.2466,57.5726,0,0,Military
463062823,1190,869,9358,242,68.3556,54.4014,0,0,Military
463933187,55494,0,39619,454,89.6682,80.9135,0,1,Military
464237781,6310,804,16400,7141,80.6244,77.8245,0,1,Military
46678624,71567,110,5335,92,91.7799,96.5745,0,0,Military
4675715983,5098,947,5938,8028,77.6167,74.6042,0,0,Military
4685235864,2144,68,524,174,66.0336,67.7622,0,0,Military
4702784856,989,1040,26561,15331,69.4131,61.293,0,0,Military
4710353509,12796,1695,2449,860,80.0555,65.2634,0,0,Military
471467567,1548,1066,51896,11350,73.0311,68.1987,0,0,Military
472021456,1572,1690,7941,1400,73.3875,65.4338,0,0,Military
4721502313,671,811,17641,1274,66.4795,57.0588,0,0,Military
472745516,991,272,1835,3,68.7012,65.7342,0,0,Military
472830024,82085,2173,22840,6583,92.529,91.268,0,1,Military
47394541,1439,1563,8320,597,72.7176,61.4393,0,0,Military
47438401,255143,503,7182,23,98.9836,98.8839,0,1,Military
47456265,814,424,730,1138,63.0953,62.4608,0,0,Military
474956822,1693,239,1797,339,70.2713,64.3183,0,0,Military
47634588,50632,750,34633,2821,90.8737,80.1236,0,0,Military
476478691,989,1477,2344,19,62.8832,44.2703,0,0,Military
47814419,59301,1173,20330,140,91.7831,79.8067,0,0,Military
47865759,2478,109,6611,7,72.9388,59.9597,0,0,Military
4793457795,1890,79,844,237,68.0617,69.843,0,1,Military
479382462,622,773,3430,2116,68.0323,57.19,0,0,Military
48335027,53829,778,14990,26,87.7545,86.4898,0,1,Military
48378671,802,1950,15051,866,70.1355,56.5474,0,0,Military
485349894,950,516,1393,1061,64.7436,56.0779,0,0,Military
487118986,9946701,53,91825,0,114.979,99.3432,0,1,Military
487700082,2523,1574,4590,7940,75.8772,84.4885,0,0,Military
48821786,4134,923,4032,33,77.9481,76.0644,0,1,Military
48834894,910,616,2744,810,69.9151,77.0767,0,1,Military
488618643,10864,10810,8279,1812,78.4882,68.9177,0,0,Military
48968150,1435,557,3808,877,72.022,75.2591,0,0,Military
48984988,2123,322,4161,1201,72.7008,70.3961,0,0,Military
49069028,5015,1531,3674,2505,76.9434,77.5326,0,0,Military
49191180,4287,240,638,1416,70.7206,68.2572,0,1,Military
4921565266,1669,411,28586,174,62.741,42.5984,0,0,Military
49616273,303751,434,62848,38,91.2589,77.2218,0,1,Military
49656209,12934,3924,7676,2783,84.0276,86.797,0,1,Military
4970411,4149827,234,182682,752,111.168,103.92,0,1,Military
497665754,1337295,230,179553,918,105.178,90.4331,0,1,Military
49783304,231558,1258,23673,2050,96.897,98.0538,0,1,Military
49979793,85657,633,35465,269,93.7821,77.8379,0,1,Military
500194345,5238611,12,3123,0,107.831,104.376,0,1,Military
50075754,3026,716,6677,943,75.6709,70.9714,0,0,Military
500924474,2448,2239,10260,3,72.5944,67.6079,0,1,Military
50144992,7157,940,6264,3067,81.2563,84.6502,0,1,Military
50272527,3893,324,30610,8983,78.0495,80.9917,0,0,Military
503382801,615,4998,1249,390,64.2723,59.5265,0,0,Military
50754121,571,51,2562,28,63.0586,47.1975,0,0,Military
51155155,5343,339,4452,86,79.6324,72.2715,0,1,Military
51241574,11186992,7237,181706,288,118.126,114.395,0,1,Military
516930114,7391,346,1660,313,75.7154,71.97,0,0,Military
517242318,1061,1412,8199,3649,71.688,61.0712,0,0,Military
517494659,1231,777,2632,1321,70.9949,67.626,0,0,Military
519438250,1285,763,1350,21,68.3,66.2128,0,0,Military
519503922,801,1320,8388,342,67.5125,62.3932,0,0,Military
519615767,6899,205,2305,95,78.8187,79.4801,0,0,Military
521049153,4474,325,2993,2151,78.5068,85.1805,0,0,Military
521412870,654,1642,6817,293,61.2542,41.55,0,0,Military
522083802,349521,25,91870,213,95.6046,79.7318,0,1,Military
522239741,1831,1680,36072,1300,73.296,71.643,0,0,Military
522530914,27524,1281,23137,15855,88.113,86.7043,0,1,Military
522556449,1030,1124,6596,187,64.3361,47.757,0,0,Military
52369778,18579,2901,17156,17,86.039,85.9205,0,1,Military
527308519,2055,2008,33649,3699,74.963,65.1293,0,0,Military
52972702,7644,7605,82611,350,81.6728,72.2348,0,0,Military
53519827,1560,1984,24341,1734,73.5589,64.0221,0,0,Military
535211630,1803323,45,5896,4316,104.908,114.171,0,0,Military
53795050,6340,720,2087,418,77.5779,67.222,0,0,Military
538045117,3335,1897,13048,5025,76.4873,76.1989,0,0,Military
538763196,13735,437,8397,0,71.8861,50.821,0,0,Military
538949379,211057,59,61366,98,94.1677,71.9903,0,1,Military
53903008,591,4680,1446,312,53.7493,34.2606,0,0,Military
54057782,1878,1069,127884,3326,73.6917,62.609,0,0,Military
54292707,206936,598,70010,311,97.7325,83.9918,0,0,Military
544045421,34178,0,9154,387,88.4185,78.4342,0,1,Military
54885400,839795,1221,22550,363,101.046,110.143,0,1,Military
55258021,53242,2510,22403,3355,90.8769,90.5735,0,1,Military
552732182,4333,4673,17685,25505,43.2575,17.3047,0,0,Military
55570513,4130,2886,4368,247,78.4178,77.4105,0,0,Military
556177249,18137,2503,1057,714,79.4146,74.62,0,0,Military
556297194,66010,81,7196,121,91.3329,106.589,0,1,Military
55926722,10385,197,1996,0,77.4545,60.6116,0,0,Military
562535109,3209,486,918,277,69.8106,64.2366,0,0,Military
56644534,320981,160,32275,17,89.0031,72.9943,0,1,Military
56807656,504,1070,827,47,61.3422,54.4844,0,0,Military
56813486,740,991,2573,24,68.9352,66.8643,0,1,Military
568813638,522,989,1423,1944,63.9373,64.2824,0,0,Military
569238628,35073,197,4974,3,85.1158,87.0769,0,1,Military
571777034,523,1023,1059,140,62.7065,60.3018,0,0,Military
57288354,79063,575,14485,2168,93.337,79.5562,0,0,Military
57289662,237071,0,19059,6,92.8447,74.7159,0,1,Military
57323,64392,5525,32224,237,91.1438,78.8429,0,0,Military
57325778,597,310,13139,9,65.9147,53.0431,0,0,Military
574550736,1831,1193,1773,119,66.6238,61.1421,0,0,Military
5751952,120272,480,137753,3941,94.6943,80.994,0,1,Military
579747564,89054,1031,27233,164,93.218,90.1042,0,1,Military
581404811,565,1225,1992,26,57.698,37.9322,0,0,Military
582175470,1598,2293,18088,4150,66.666,51.7377,0,0,Military
58569513,215270,100,5097,0,90.5808,97.5563,0,0,Military
590752797,648,1916,21470,0,56.6207,29.0296,0,0,Military
59099720,3415,1196,34650,14375,77.3748,72.5841,0,0,Military
59338142,170120,353,54554,1506,94.2749,83.8837,0,1,Military
594750433,3650,348,1799,96,75.1096,73.0206,0,1,Military
595331095,18132,17294,10287,482,85.9408,69.2319,0,0,Military
59586538,1313,970,4388,1005,72.4008,68.9,0,0,Military
59700831,199622,777,12859,32,94.1315,75.4878,0,0,Military
597460989,1760,800,5356,402,74.0078,75.2029,0,0,Military
59777132,66770,2240,5601,69,89.7906,76.7991,0,1,Military
59825777,227399,323,51261,3036,94.8887,81.8852,0,1,Military
59908549,89685,279,11648,2303,92.2971,92.1607,0,0,Military
599616586,1448,1699,2204,1178,71.3585,75.9885,0,1,Military
600097847,5258,846,2773,698,78.2761,72.7711,0,0,Military
60017224,23558,125,145741,272,82.0498,69.7522,0,1,Military
601364131,4629,4580,89617,4593,78.3131,69.68,0,0,Military
60167374,1111,1824,39265,2599,71.3261,67.5625,0,0,Military
6017542,9609528,560,101115,10,116.96,104.3,0,1,Military
607168032,722,2005,6596,327,68.542,59.6055,0,0,Military
60989695,818,2044,1311,144,65.4024,58.9961,0,0,Military
61440571,15122,277,16271,12,84.3062,77.5457,0,0,Military
61716396,16537,1046,24550,419,81.7212,74.2721,0,0,Military
617456996,5823,5766,2375,810,78.8457,63.4781,0,0,Military
61811986,29350,887,6244,3208,88.3708,90.6393,0,0,Military
618662097,36227,6,8589,0,76.7314,54.0273,0,0,Military
62032722,971,1114,3446,1313,70.2309,73.286,0,0,Military
62060885,2146,2482,21983,243,75.377,67.09,0,0,Military
624680664,53754,297,2258,3250,88.8445,86.4857,0,1,Military
627156320,25072,1552,19071,0,87.4351,83.0951,0,1,Military
631275369,935,1915,2671,228,64.6495,50.9253,0,0,Military
63206762,34591,294,5894,917,89.2423,81.9617,0,0,Military
63221381,3734,779,18707,9086,72.7939,70.9607,0,0,Military
632350956,2484,855,1646,825,71.3446,63.2004,0,0,Military
633111425,1165,1733,652,125,61.1505,42.3175,0,0,Military
634047221,1420,1273,8012,9423,71.6982,68.1232,0,0,Military
63550005,219822,693,120107,3155,98.4032,97.3542,0,1,Military
63948315,707,564,3940,7867,69.6719,81.5693,0,0,Military
64083835,104115,108588,176543,2139,89.213,70.1092,0,0,Military
64383802,1271,1656,48789,195,72.6358,63.8852,0,0,Military
64643056,2620324,610,218653,853,110.654,99.9581,0,1,Military
65109514,189362,2433,372645,102,85.0015,55.3163,0,0,Military
65407955,81381,609,13301,19360,92.8711,97.3471,0,0,Military
65995358,3338,1328,574,27,68.7567,61.7249,0,0,Military
66379182,724118,302,185983,1489,91.7052,60.9856,0,1,Military
66449003,973,2258,16732,7301,58.6561,36.3089,0,0,Military
66643970,176857,449,30763,73,84.631,75.6629,0,1,Military
66720615,860,510,7475,3241,70.5376,66.9162,0,0,Military
66931709,2076,2735,80469,43784,75.0553,67.4422,0,0,Military
67182352,274693,401,5888,2733,97.806,88.429,0,1,Military
67934666,840,4974,8207,1951,70.6061,56.8195,0,0,Military
68784171,1191,301,3456,217,71.0748,62.5749,0,0,Military
69254109,842,1178,3409,1,57.9032,33.8007,0,0,Military
69575601,21930,223,51281,1867,86.8167,84.6741,0,0,Military
696792726365462530,18494,2,7467,11291,84.5313,87.395,0,0,Military
70047844,4273,1936,34467,7625,77.606,71.7819,0,1,Military
702210829966516225,13228,2,11906,0,71.6971,56.6037,0,0,Military
704348684314656768,1256,193,515,1424,57.4323,51.9817,0,0,Military
704398119446958080,19075,19249,7091,32477,73.5095,51.9275,0,0,Military
705039372429750272,34938,588,3839,31,89.0779,83.0036,0,1,Military
70529694,20135,1247,14299,79,83.5595,76.3698,0,0,Military
705725094442758144,958,2114,12952,33,62.1397,39.7012,0,0,Military
705862502,8878,114,2031,64,80.1611,82.1518,0,0,Military
70721096,4776,757,3878,180,78.5592,82.1108,0,0,Military
707647083713531904,1499,860,3504,16239,70.9565,62.9185,0,0,Military
708522845740142592,43696,47,1975,1052,83.4101,78.4469,0,1,Military
708739902,6155,579,17987,2809,80.4932,76.0293,0,0,Military
70901586,5764,1337,3440,28,78.3997,77.4969,0,1,Military
710681033813925892,581,808,15424,127,64.3705,52.1311,0,0,Military
714653758379020288,846,819,3165,4756,64.2234,67.1423,0,0,Military
71593119,6855,5326,16053,54,80.6296,79.4254,0,0,Military
717632257,110543,324,973,172,87.5134,78.9392,0,1,Military
717986036962316288,4048,2641,6784,517,77.245,79.4322,0,0,Military
720593019431469057,19861,1173,1289,1897,81.6934,85.481,0,1,Military
72180211,3358,3902,101820,10092,77.3628,75.7897,0,0,Military
721802533,4151,171,1863,677,74.4693,70.8095,0,0,Military
72326479,3352,1865,46670,1891,77.2819,68.996,0,0,Military
726832785516802048,1941,1168,679,375,67.1025,62.5158,0,0,Military
72930853,2017,165,1898,71,68.6707,59.7249,0,0,Military
73190286,130665,377,51946,361,89.4044,81.2914,0,1,Military
73382990,3849,524,4954,146,76.1125,68.9967,0,0,Military
734977716,1846,323,8907,63,74.411,73.446,0,0,Military
735151183,590,710,1803,0,58.2842,36.217,0,0,Military
735598925638422528,558,1007,1150,18,62.8784,56.8464,0,0,Military
738151111,558,463,1437,585,64.4728,57.6715,0,0,Military
73825664,5548,253,5122,955,76.4346,79.0163,0,0,Military
742143,20468048,84,259742,7,121.076,109.575,0,1,Military
74294786,13187,721,1481,6,80.5299,73.4021,0,1,Military
74316220,1348,1232,994,412,66.8901,60.714,0,0,Military
743417624,2341,71,7002,8,71.6756,62.6977,0,0,Military
744468555928899584,28811,13248,961,361,74.1408,59.6988,0,0,Military
744910808572825600,1358,4929,9494,46,64.8848,46.6069,0,0,Military
74503703,18207,54,1737,3,81.8731,73.394,0,0,Military
74778516,2057,459,2385,156,73.3135,68.2303,0,0,Military
747811952861274112,1364,243,1469,0,65.6576,59.5667,0,1,Military
74906686,907,426,1230,272,66.2281,63.7267,0,0,Military
752150893878009857,6396,1709,8507,1383,77.7791,73.3821,0,0,Military
753781182781857792,19198,15910,30719,402,73.5556,49.2057,0,0,Military
75519531,86403,295,2736,510,92.9688,91.4289,0,1,Military
756505518420660225,71078,630,2999,1843,92.2676,93.3778,0,1,Military
759251,36644071,1117,139700,1466,121.166,108.555,0,1,Military
761167885720956929,24323,1134,2398,3181,85.9424,98.5829,0,0,Military
761515568,44072,3343,54304,228,85.1032,54.3058,0,0,Military
76294023,194034,876,15308,10,87.2945,70.8024,0,1,Military
764425740,502,586,4036,304,67.4974,59.1087,0,0,Military
764444310,5682,412,12394,183,77.0776,76.2874,0,1,Military
766220780,1179,1060,541,116,63.0565,51.7387,0,0,Military
7663702,95670,836,106566,1935,92.962,88.0309,0,1,Military
766560990347587584,573,171,8814,50,56.0196,46.8537,0,0,Military
76688577,3460,302,6580,287,76.8549,74.5111,0,0,Military
767522616,3182,2812,38788,30135,76.8187,71.8859,0,0,Military
769225836952190976,756,1853,508,181,59.9331,50.7925,0,0,Military
769375152341655552,645,347,1479,5356,65.408,70.3962,0,0,Military
773044344504758272,4980,4862,3517,332,67.8373,46.5787,0,0,Military
774562412439543809,10622,7096,12490,5477,71.9641,51.0824,0,0,Military
779416353019203584,368894,106,748,2225,92.0878,100.402,0,1,Military
78408666,575589,882,19964,1111,100.469,91.4981,0,1,Military
785539732356890624,650,304,31342,15368,68.6783,54.2276,0,0,Military
785729586,2270,2150,25267,8736,75.3533,64.1171,0,0,Military
787523024383725568,2003,4985,890,885,64.5875,62.0098,0,0,Military
789720350229536768,534,2229,508,1,57.3598,49.356,0,0,Military
791338229609992192,1530,1720,565,108,64.9216,51.6133,0,0,Military
791649774,4852,379,1421,6,72.1486,54.9439,0,0,Military
79184083,146560,4253,158339,485,83.6925,55.0054,0,1,Military
793808860008026112,40183,79,3353,299,89.1849,85.6573,0,1,Military
793996510111342592,3300,4401,1486,97,62.4235,45.4408,0,0,Military
79456773,1490,51,606,99,63.0583,56.5267,0,0,Military
795445478301323264,675,2130,616,424,57.0698,53.4583,0,0,Military
796959699392483328,13502,14424,9837,4589,84.6058,90.3721,0,0,Military
798150783527055360,1782,4989,7682,335,61.6876,32.7196,0,0,Military
798397604610641922,1468,515,786,962,66.2389,65.0833,0,0,Military
800820864,7401,5073,19951,2854,79.8668,75.7291,0,0,Military
802649176299466752,13490,13355,3148,5718,84.3245,92.5114,0,0,Military
803466461289316352,8372,7956,902,932,75.2008,73.0384,0,0,Military
80349445,1303,353,1388,93,68.5849,63.4105,0,0,Military
803834823882244096,1100,4759,5195,6496,72.0069,60.8207,0,0,Military
803889634899935232,678,4942,6536,1655,69.5571,64.4515,0,0,Military
804846391,14242,10,1480,10,72.488,58.4003,0,0,Military
805473054134398976,1141,1769,179651,120,59.4564,30.9343,0,0,Military
80568825,12578,1480,9066,3609,82.5834,83.0595,0,1,Military
805780479496568832,31121,3,1468,2,84.7945,73.2475,0,1,Military
807242607801827328,2581,4327,3664,2,66.2688,55.5617,0,0,Military
80817491,449105,0,4605,0,94.5809,85.1994,0,1,Military
809030542880407555,2772,2240,620,434,58.9324,31.3843,0,0,Military
809470408009207808,1549,1259,7285,256,60.9484,54.5376,0,0,Military
8098562,65161,953,38342,168,92.1036,79.3299,0,0,Military
810516392,12233,45,3342,17,73.5062,70.7757,0,0,Military
81124850,2657,1991,3773,37,72.8057,58.607,0,0,Military
81155662,64248,383,2407,910,90.8238,88.5146,0,1,Military
812027468,7484,7757,13880,46,77.4803,62.097,0,0,Military
812548507,16556,14558,4846,159,77.6158,60.5755,0,0,Military
812705581052084228,2612,2606,1415,42,70.1526,62.2702,0,0,Military
814546348154290176,1019,2814,5119,3366,70.5895,63.3853,0,0,Military
814974358779260928,993,1103,1360,1108,67.1469,56.8076,0,0,Military
815382380,764,900,898,130,63.2412,66.8488,0,0,Military
81576727,1129,3358,831,506,64.7679,48.5913,0,0,Military
81640441,1208,2625,4502,395,70.7451,68.2657,0,0,Military
816687720,1449,3754,2516,42,70.3876,58.9757,0,0,Military
81790402,52811,1168,4418,6,91.4153,79.2422,0,0,Military
818669827237806082,4864,4595,1220,304,74.4883,78.3237,0,0,Military
818957809,771,405,643,208,61.4508,59.1362,0,0,Military
822298344,49481,3091,8856,1390,91.0855,82.451,0,1,Military
82394105,3990,1146,8263,2323,78.2076,73.249,0,1,Military
8283682,96279,1929,43756,2773,94.3766,88.4412,0,1,Military
82851540,1427,1073,6157,470,71.4241,62.1044,0,0,Military
830484880614051842,1547,4999,25043,3750,68.1403,41.8501,0,0,Military
83234806,3037,1846,16668,56,74.393,67.8872,0,0,Military
833673914,14166,8130,2657,560,83.5952,76.2725,0,0,Military
83388545,50128,7498,59012,234,85.8243,68.4554,0,0,Military
834662076060667909,1654,582,578,408,59.3398,44.846,0,0,Military
83590349,129364,1769,17479,1337,93.5698,87.3111,0,1,Military
836932197705723907,712,63,3614,0,57.0667,29.3805,0,0,Military
83699237,1407,538,967,419,65.7585,58.1476,0,0,Military
83795099,461896,646,4702,666,102.165,100.843,0,1,Military
839072508,560,2047,4277,906,68.4332,64.792,0,0,Military
83995799,3234,261,1549,84,71.7097,61.3509,0,0,Military
842769265,1222,1249,3971,2500,72.5232,64.5814,0,0,Military
84380914,12602,394,5926,10,81.5719,73.1253,0,0,Military
8439132,3702,1155,18736,4144,73.1677,64.3737,0,0,Military
843959867375153152,4509,4987,983,0,64.9363,38.6573,0,0,Military
84786801,59088,1435,27292,1494,90.6959,78.119,0,0,Military
84816752,60635,863,6011,22969,91.9704,96.458,0,1,Military
85091463,3171,191,5822,9,77.1805,72.3311,0,1,Military
85137232,1057,2442,3705,46,68.2798,58.1075,0,0,Military
8516062,372272,2624,39344,519,101.137,83.5648,0,1,Military
85243004,100073,292,15783,311,94.1848,90.5726,0,1,Military
85270883,2509650,463,47606,23,99.3016,79.0565,0,1,Military
85271216,15180,227,1612,9,79.9856,72.2146,0,0,Military
852876584646299648,1577,5001,1359,2,59.8472,50.6629,0,0,Military
85482678,21468,1808,30351,0,74.0967,48.0069,0,0,Military
85814753,110771,115,99246,0,82.3206,53.9471,0,0,Military
859658821,2715,4480,4439,3133,73.8325,56.9568,0,0,Military
86141342,1212407,458,90212,152,106.208,93.0377,0,1,Military
8633982,9349,447,35377,26,82.2349,74.455,0,1,Military
865242169,413751,27109,85509,9140,99.138,72.1572,0,0,Military
86635068,2598,841,44045,2270,73.4688,56.9197,0,0,Military
868112707,92802,321,13201,118,94.0462,91.3679,0,1,Military
869365303,6387,327,2459,3117,79.0828,80.0387,0,1,Military
871863794,16336,2417,1823,75,80.419,73.4362,0,0,Military
872767488,915,1930,7817,43,66.1738,51.6162,0,0,Military
876522625,2573,1863,2295,21,74.4718,68.6994,0,0,Military
8775672,1047582,512,27035,1259,105.981,106.603,0,1,Military
87943704,1322,689,575,2,63.2835,43.3473,0,0,Military
8839632,878764,451,83845,1317,104.376,100.537,0,1,Military
886724197,740912,48,3650,5,93.2163,88.5459,0,1,Military
886823305,23767,140,3480,106,87.2207,87.7947,0,1,Military
88708191,31967,476,4399,127,88.768,77.986,0,0,Military
890674015,20811,20515,315658,20882,81.3831,64.0035,0,0,Military
891685188,895,1046,66490,81,67.2456,53.4832,0,0,Military
89261575,1108,616,2581,193,70.1524,64.7459,0,0,Military
89421672,671280,357,5138,2,101.209,89.3678,0,1,Military
89434496,911,1861,10329,23,67.228,47.144,0,0,Military
89539134,130060,355,3211,1376,93.9842,99.4544,0,1,Military
89797939,6923,282,6746,913,80.2865,72.9654,0,0,Military
900187675,756,1418,1047,12,63.0175,49.2263,0,0,Military
902924509,30341,2638,3563,8608,81.0736,79.1657,0,0,Military
90353320,1058,3750,3705,638,71.3413,61.045,0,0,Military
90474926,15968,1487,10462,2647,85.1712,85.6303,0,0,Military
906182803,19802,324,677,737,78.6889,76.4207,0,0,Military
91099960,249525,0,23877,1,86.3745,66.1727,0,0,Military
91111995,7768,959,3545,54,81.8153,81.2512,0,0,Military
91130111,40255,0,3811,54,85.7623,74.5589,0,0,Military
9130702,175021,426,67733,391,96.2313,85.6235,0,1,Military
91502894,4282,2034,10449,1140,77.4366,78.447,0,0,Military
920690480,1485,1766,706,65,65.9559,58.7783,0,0,Military
924265879,1359,1205,3793,5552,73.0907,72.8259,0,0,Military
926742120,1257,650,13785,873,71.6209,59.9689,0,0,Military
92939766,2921,2525,128569,2018,75.9866,66.4287,0,0,Military
93144373,3137,444,793,30,70.2007,71.2069,0,0,Military
934399189,46796,576,73149,1567,77.9843,67.1735,0,1,Military
93637779,83381,39169,15597,8711,93.5532,91.4443,0,1,Military
93770499,721,2101,2596,107,68.8337,62.0302,0,0,Military
93897084,4089,3954,43598,12892,74.8092,61.4279,0,0,Military
943764008,829,2662,3121,329,68.743,59.9254,0,0,Military
944733128,30192,4777,2673,2462,85.6742,76.4515,0,0,Military
950313240,178092,14,2640,174,95.0424,88.1743,0,1,Military
95048311,33782,2749,19725,975,87.8512,85.3396,0,1,Military
951073434,117897,80447,10914,466,94.6799,88.3844,0,0,Military
9542972,57607,2784,133381,867,91.176,78.4512,0,1,Military
956171191,16860,1555,22709,20111,85.6818,86.4491,0,0,Military
95806181,564,1264,388812,1189,59.1129,40.5545,0,0,Military
958651568,1038,1435,6344,1,58.9689,31.2832,0,0,Military
96048175,1616,1560,52036,0,61.174,41.4762,0,0,Military
961631816,4735,1397,33669,1504,78.3168,70.1305,0,0,Military
96336762,14213,12483,56675,38161,82.9542,87.1808,0,0,Military
96587405,2463,1169,5051,54,75.9441,66.3004,0,0,Military
971969366,636,1845,8100,4092,67.5077,57.0604,0,0,Military
9721292,365390,64795,188521,4296,101.11,89.5957,0,1,Military
97217537,11082,306,1901,760,79.7088,69.8799,0,0,Military
97224378,2745,711,14676,108,71.8714,51.8091,0,0,Military
97379585,27409,1158,80160,4643,88.0806,86.9393,0,1,Military
978561402,13375,12392,24545,335,84.5349,73.0762,0,0,Military
986463240,11353,217,1903,241,79.735,69.9833,0,0,Military
